District,Crop name,Season of cultivation,Sown area,Fertilizer use (kg/ha),Pesticide use (kg/ha),Avg temperature,Avg humidity,Soil N,Soil P,Soil K,Soil pH,Optimal Yield
Angul,Rice,Kharif,1,238.5,1.9,27.6,81.4,26.4,68.3,34.7,6.01,2.01337
Angul,Moong(Green Gram),Kharif,1,73.2,0.6,28.4,65.3,12.2,59.9,29.8,6.3,0.81605
Angul,Ragi,Kharif,1,111.6,0.5,25.1,59,15.2,52.3,26.3,6.04,1.23499
Angul,Rapeseed &Mustard,Rabi,1,142.8,0.8,17.8,60.3,15.9,69.2,29.4,6.53,1.35833
Angul,Horse-gram,Kharif,1,73.7,0.4,26.8,58.4,11.9,52.5,26.7,6.15,1.04113
Angul,Groundnut,Kharif,1,146.5,1.3,30.4,70.8,14.6,74.7,38.5,6.45,1.59535
Angul,Arhar/Tur,Kharif,1,112.3,0.7,29,66.8,14,62.8,31.6,6.41,1.31233
Angul,Gram,Rabi,1,122.9,0.6,20.3,54.4,13.8,78,25.9,6.9,1.58121
Angul,Maize,Kharif,1,280.1,1.6,25.7,63.2,28.3,75.2,37,6.32,1.83013
Angul,Sesamum,Kharif,1,90.1,0.5,28.7,54.3,13,60.2,29.6,6.64,1.12807
Angul,Turmeric,Whole Year,1,248,1,25.4,76.1,19.3,76.1,41.3,6.18,2.24495
Angul,Dry chillies,Kharif,1,191.8,1.7,29.2,62.2,21.8,69.9,35.4,6.06,1.77767
Angul,Niger seed,Kharif,1,91.7,0.5,26.6,54,14,59.5,28.6,6.63,1.11983
Angul,Urad,Kharif,1,84.3,0.6,26.8,59.9,12.6,59.8,28.5,6.35,0.78757
Angul,Coriander,Rabi,1,69.6,0.3,19.8,53.4,11.1,58.4,24,6.42,1.17372
Angul,Onion,Rabi,1,419.2,2,19.2,63.2,22.3,82.7,40.5,6.39,6.29677
Angul,Cotton(lint),Kharif,1,224.2,2.6,28,62.2,21.1,69.9,35,6.35,2.41537
Angul,Jowar,Kharif,1,153.2,0.8,28.9,58.1,16.2,69.4,30.3,6.49,1.68494
Angul,Wheat,Rabi,1,236.1,1.2,17.8,59,23.3,78.7,31.6,6.98,1.91503
Angul,Other  Rabi pulses,Rabi,1,98.1,0.6,17.9,57,13.9,69,27.7,6.63,1.41279
Angul,Castor seed,Kharif,1,156.2,0.8,28,58.3,16.4,59.5,32.5,6.69,1.633
Angul,Sweet potato,Kharif,1,219.2,0.6,27.2,73.5,15.9,72,42.1,5.92,6.36803
Angul,Sugarcane,Whole Year,1,490.8,2.6,26.8,75.6,30.4,82.5,51.3,6.68,34.6383
Angul,Small millets,Kharif,1,97.7,0.4,25.3,52.9,14.2,58.1,28.8,6.05,1.35092
Angul,Jute,Kharif,1,199.9,0.8,27.2,76.6,19.5,69.7,38.7,6.42,3.02819
Angul,Other Kharif pulses,Kharif,1,94,0.6,29.4,68.2,13.4,66.5,29.3,6.67,1.46018
Angul,Potato,Rabi,1,558.2,1.9,18.6,71.4,24.4,94.3,51.9,6.3,5.92382
Angul,Linseed,Rabi,1,90.9,0.4,17.3,52.9,12.2,59.4,27.2,6.54,1.4381
Angul,Sannhamp,Kharif,1,30,0.1,28,72.8,8.2,44.1,19.1,6.41,1.56335
Angul,Safflower,Rabi,1,89.7,0.4,20.5,55.3,12.5,57.7,25.7,7.15,1.52387
Angul,Ginger,Whole Year,1,309.1,1,24.1,77,20,78.8,42.1,6.14,2.90045
Angul,Garlic,Rabi,1,300.1,1,18.5,72.7,20.7,77.2,40.8,6.67,2.18033
Angul,Cowpea(Lobia),Kharif,1,88.2,0.6,26.7,66.5,13.1,59.2,30.4,6.65,1.47368
Angul,Masoor,Rabi,1,90.6,0.5,18.7,57,12.9,68.2,26.9,6.92,1.54137
Angul,Peas & beans (Pulses),Rabi,1,98.4,0.6,17.7,57,13.8,70.6,27.5,6.76,1.54515
Angul,Bajra,Kharif,1,124.3,0.6,31.4,53.2,14.8,57.7,29.3,6.47,1.74947
Angul,Sunflower,Kharif,1,181.5,0.8,27.7,55.4,15.6,66.6,33.2,6.67,1.63382
Angul,Mesta,Kharif,1,162.6,0.6,27.6,67,15.3,64.8,31.6,6.64,1.90786
Angul,Tobacco,Rabi,1,398.8,2,25.7,68.6,28.2,85.3,46.3,6.07,1.76278
Balangir,Rice,Kharif,1,245.2,2,25.7,78.3,26.4,70.9,34.4,6.19,2.0026
Balangir,Moong(Green Gram),Kharif,1,73.9,0.6,28.8,62.9,12.8,59.2,30,6.43,0.81019
Balangir,Ragi,Kharif,1,112.9,0.5,23.3,57.1,14.6,52,26.2,5.83,1.22709
Balangir,Rapeseed &Mustard,Rabi,1,138.8,0.8,18,58.5,15.9,72.4,30.2,6.61,1.37458
Balangir,Horse-gram,Kharif,1,73,0.4,28.1,57.3,12.9,52.8,25.7,6.32,1.09265
Balangir,Groundnut,Kharif,1,154,1.3,31.2,70.8,15.1,76.7,37,6.52,1.59824
Balangir,Arhar/Tur,Kharif,1,112.1,0.7,27.3,65.9,13.5,63.1,31.5,6.41,1.23129
Balangir,Gram,Rabi,1,116.7,0.6,20.1,53,13.9,77.3,26.4,6.83,1.51658
Balangir,Maize,Kharif,1,278.3,1.5,25.8,67.6,27.2,74.9,39.3,6.61,1.84141
Balangir,Sesamum,Kharif,1,87.7,0.5,31.1,57.5,13.4,58.1,29.5,6.54,1.11699
Balangir,Turmeric,Whole Year,1,245.2,1,25.6,76.3,19.2,74.7,40.6,5.85,2.23976
Balangir,Dry chillies,Kharif,1,188,1.8,26.7,60.9,21.9,71.1,35.1,6.15,1.60765
Balangir,Niger seed,Kharif,1,89.4,0.5,28.7,56.8,13.6,57.8,27.4,6.52,1.11686
Balangir,Urad,Kharif,1,86.2,0.6,28.4,61.5,12.3,59.4,28.9,6.36,0.79961
Balangir,Coriander,Rabi,1,69.9,0.3,20.4,56.5,11.1,57.6,25.2,6.35,1.16072
Balangir,Onion,Rabi,1,413.5,1.9,19.6,66.2,22.3,85.5,42.3,6.33,6.32349
Balangir,Cotton(lint),Kharif,1,229.3,2.6,27.9,65.7,19.9,69.3,35.7,6.44,2.41106
Balangir,Jowar,Kharif,1,149,0.8,29,61.9,16.2,68.8,30.3,6.63,1.66953
Balangir,Wheat,Rabi,1,233.3,1.3,17.6,61.8,23.1,78.4,33,7.09,1.91807
Balangir,Other  Rabi pulses,Rabi,1,101.7,0.6,18.7,53.6,14,69.1,27.2,6.31,1.37049
Balangir,Castor seed,Kharif,1,149.4,0.8,27.6,62.3,15.5,58.9,32.3,6.68,1.542
Balangir,Sweet potato,Kharif,1,218.3,0.6,26.5,71,16,71.2,42.8,5.89,6.21256
Balangir,Sugarcane,Whole Year,1,483.8,2.5,28.1,74.4,30,83.8,51.4,6.41,34.51511
Balangir,Small millets,Kharif,1,97,0.4,26.1,56.4,15.1,58.2,27.4,6.09,1.3369
Balangir,Jute,Kharif,1,202.2,0.8,27.1,73,18.7,70.1,37.6,6.41,2.89846
Balangir,Other Kharif pulses,Kharif,1,97.2,0.6,29,64.9,13.2,66.5,29.3,6.48,1.44463
Balangir,Potato,Rabi,1,549.9,2,18.6,69.3,25.9,95.7,50.6,6.36,5.88321
Balangir,Linseed,Rabi,1,91.1,0.4,18.5,55.6,13.1,60.2,27.3,6.48,1.43063
Balangir,Sannhamp,Kharif,1,30.8,0.1,28.3,70.8,8.7,47,17.6,6.38,1.61499
Balangir,Safflower,Rabi,1,88.5,0.4,19,54.7,12.5,58.1,26.3,7.08,1.51554
Balangir,Ginger,Whole Year,1,304.3,1,25.7,81,19.9,78.1,42.8,6.02,2.8314
Balangir,Garlic,Rabi,1,308.2,1,17.4,68.7,20.3,79.2,41,6.35,2.15734
Balangir,Cowpea(Lobia),Kharif,1,87.4,0.6,28,62.3,12.4,60.7,30.4,6.4,1.54396
Balangir,Masoor,Rabi,1,91.6,0.5,18.8,57.7,12.6,71.5,25.9,7.1,1.54408
Balangir,Peas & beans (Pulses),Rabi,1,101.7,0.6,18.2,55.7,13.3,72.6,28.1,6.73,1.533
Balangir,Bajra,Kharif,1,121.3,0.6,29.4,57.4,14.6,59.9,28.5,6.43,1.68724
Balangir,Sunflower,Kharif,1,180,0.8,29.4,55.9,15.8,64.8,33.2,6.44,1.75041
Balangir,Mesta,Kharif,1,163.6,0.6,28.1,73,15.1,66.6,31.4,6.69,2.07308
Balangir,Tobacco,Rabi,1,394.1,2,26.1,67.2,26.2,84.4,47.7,5.85,1.79924
Balasore,Rice,Kharif,1,245.8,2,26.4,82.7,25.4,68.8,36.3,6.15,2.016
Balasore,Moong(Green Gram),Kharif,1,76.7,0.6,27.4,66.9,12.2,59.4,29.7,6.63,0.78793
Balasore,Ragi,Kharif,1,108.6,0.5,24,57.9,14.5,53.6,26.5,6.02,1.22845
Balasore,Rapeseed &Mustard,Rabi,1,137.8,0.8,18.1,58.4,17.4,69.1,29.9,6.58,1.35776
Balasore,Horse-gram,Kharif,1,75.9,0.4,29.3,60,12.2,53.1,26.8,6.35,1.08684
Balasore,Groundnut,Kharif,1,150.9,1.2,30.7,69.4,14.3,75.1,39,6.69,1.55572
Balasore,Arhar/Tur,Kharif,1,110.9,0.7,29,67.3,13,64.7,32,6.6,1.31312
Balasore,Gram,Rabi,1,117,0.6,20.8,57.7,14.2,77.2,26,7.05,1.51233
Balasore,Maize,Kharif,1,286.9,1.6,24.8,66.9,26.4,76.6,39.4,6.51,1.95435
Balasore,Sesamum,Kharif,1,90.1,0.5,31.1,55.7,14.1,58.6,28.7,6.48,1.11655
Balasore,Turmeric,Whole Year,1,241.4,1,27,76.3,19.4,76.1,41.5,6.04,2.12731
Balasore,Dry chillies,Kharif,1,189.2,1.9,27.2,59.3,21.8,71.1,34,6.23,1.60718
Balasore,Niger seed,Kharif,1,92.3,0.5,27.4,55.4,14,58.4,28.2,6.54,1.13184
Balasore,Urad,Kharif,1,85.6,0.6,28.3,59.1,13.1,57.8,28.6,6.59,0.80823
Balasore,Coriander,Rabi,1,71.6,0.3,20.3,53.9,11,59.3,24.4,6.34,1.16042
Balasore,Onion,Rabi,1,403.4,1.9,20.1,68.1,23.2,84.8,40.2,6.4,6.31258
Balasore,Cotton(lint),Kharif,1,235.6,2.6,26.6,62.5,21.1,69.4,35.3,6.64,2.28798
Balasore,Jowar,Kharif,1,155.4,0.8,27.6,61.7,17.3,72,28.6,6.57,1.59013
Balasore,Wheat,Rabi,1,234.2,1.3,17.3,58.4,22.7,77.8,31.2,7.17,1.89744
Balasore,Other  Rabi pulses,Rabi,1,98.5,0.6,17.6,54.5,13.9,71,27.5,6.5,1.38782
Balasore,Castor seed,Kharif,1,146.6,0.8,28.5,61.5,16,59.3,32.2,6.36,1.65104
Balasore,Sweet potato,Kharif,1,217.8,0.6,27.2,66.7,14.9,68.5,42.4,6.14,6.01775
Balasore,Sugarcane,Whole Year,1,474.4,2.6,27.6,74.2,32.5,84.3,52.7,6.48,34.54522
Balasore,Small millets,Kharif,1,101.4,0.4,26.7,53.6,14.7,57.8,27.2,6.11,1.34214
Balasore,Jute,Kharif,1,199.6,0.8,27,78,18.4,72.3,39.1,6.35,3.0435
Balasore,Other Kharif pulses,Kharif,1,93.7,0.6,26.6,66.9,14,66.4,28.8,6.32,1.39344
Balasore,Potato,Rabi,1,560.8,2,18.5,70.1,24.4,93.6,52.5,6.32,5.89653
Balasore,Linseed,Rabi,1,92,0.4,18.8,52.6,13,58.8,26.7,6.5,1.43829
Balasore,Sannhamp,Kharif,1,29.6,0.1,26.8,68.4,8,47.5,18.8,6.7,1.50475
Balasore,Safflower,Rabi,1,90.3,0.4,20.4,56.9,13.1,60.1,27.1,6.89,1.51504
Balasore,Ginger,Whole Year,1,295.9,1,24.8,76.8,19.8,79.1,40.6,5.86,2.88941
Balasore,Garlic,Rabi,1,306.5,1,17.3,71.7,21.7,79.3,42.4,6.52,2.15854
Balasore,Cowpea(Lobia),Kharif,1,83.1,0.6,28.7,67.4,12.9,58.3,30,6.44,1.5472
Balasore,Masoor,Rabi,1,89.5,0.5,17.3,56.9,12,72.2,27.1,7.12,1.53592
Balasore,Peas & beans (Pulses),Rabi,1,103.9,0.6,18.3,52.4,13.2,71.9,27.9,6.67,1.53422
Balasore,Bajra,Kharif,1,119.8,0.6,31.1,55.4,14.3,60.1,28.9,6.31,1.66229
Balasore,Sunflower,Kharif,1,179.8,0.8,27.6,56.2,14.9,63.5,32,6.32,1.63
Balasore,Mesta,Kharif,1,159.4,0.6,28.5,69.9,16.2,66.6,31.8,6.35,2.08274
Balasore,Tobacco,Rabi,1,400.1,2,26.4,66.8,27.5,83.8,48.9,5.92,1.79077
Bargarh,Rice,Kharif,1,233,2,25.7,82,26.1,72.5,34.3,6.2,1.97867
Bargarh,Moong(Green Gram),Kharif,1,75.5,0.6,26.7,61.9,13.1,58,30.4,6.53,0.81597
Bargarh,Ragi,Kharif,1,109.6,0.5,23.6,61.8,14.2,52.3,26.4,5.84,1.28323
Bargarh,Rapeseed &Mustard,Rabi,1,141.5,0.8,17.8,58.9,17.1,69.7,29.6,6.5,1.40612
Bargarh,Horse-gram,Kharif,1,75,0.4,28.6,61.9,12.5,53.1,26.6,6.08,1.11755
Bargarh,Groundnut,Kharif,1,152.8,1.2,30.8,70,14.2,76.1,36.8,6.67,1.6004
Bargarh,Arhar/Tur,Kharif,1,111.2,0.7,28.4,62.7,14.1,64.9,31.4,6.41,1.37088
Bargarh,Gram,Rabi,1,118.1,0.6,19.1,56.8,13.9,78.9,26.2,7.05,1.58332
Bargarh,Maize,Kharif,1,280.2,1.5,27,64.7,25.9,76,37.7,6.49,1.85899
Bargarh,Sesamum,Kharif,1,86.5,0.5,29.5,56.2,13.3,60.2,29.9,6.48,1.17975
Bargarh,Turmeric,Whole Year,1,246.1,1,25.4,74.3,18.4,75.1,40.9,6.06,2.11911
Bargarh,Dry chillies,Kharif,1,185.6,1.8,28.6,60.9,20.6,69.5,34.3,6.23,1.7739
Bargarh,Niger seed,Kharif,1,89.8,0.5,27.7,55.5,13.4,60.6,28.3,6.62,1.186
Bargarh,Urad,Kharif,1,87.3,0.6,28.5,60.2,13,59.4,29,6.45,0.85283
Bargarh,Coriander,Rabi,1,69.4,0.3,19.5,53,11.5,57.4,24.5,6.61,1.18156
Bargarh,Onion,Rabi,1,412.2,2,20.5,62.6,22.8,84.4,41.7,6.61,6.27835
Bargarh,Cotton(lint),Kharif,1,230.9,2.5,27.5,63.3,20.8,70.2,34.5,6.48,2.33367
Bargarh,Jowar,Kharif,1,150.6,0.8,28.9,59.2,16.6,72.3,30,6.41,1.73854
Bargarh,Wheat,Rabi,1,231.1,1.2,18.5,57.8,22.2,77.2,32.4,7.02,1.96063
Bargarh,Other  Rabi pulses,Rabi,1,101.3,0.6,18.5,53.8,13.7,69.7,28.5,6.68,1.46104
Bargarh,Castor seed,Kharif,1,147.3,0.8,26.7,60,16,59.7,31.7,6.31,1.57971
Bargarh,Sweet potato,Kharif,1,225.8,0.6,25.1,68.5,15.2,68.3,40.4,6.08,5.99855
Bargarh,Sugarcane,Whole Year,1,466.6,2.4,28.9,75.4,31.2,85.3,50.6,6.42,34.44029
Bargarh,Small millets,Kharif,1,97.6,0.4,25.9,52.9,14.5,59.5,27.4,6.01,1.37239
Bargarh,Jute,Kharif,1,195.9,0.8,27.3,74.4,19.1,70.5,37.5,6.33,2.96576
Bargarh,Other Kharif pulses,Kharif,1,96.6,0.6,27.7,64.8,13.8,62.8,29.9,6.31,1.46543
Bargarh,Potato,Rabi,1,559.1,2,18.5,71.6,25.7,93.7,51.6,6.63,5.92916
Bargarh,Linseed,Rabi,1,89.7,0.4,18.2,56.7,12.1,60.7,26.5,6.42,1.47828
Bargarh,Sannhamp,Kharif,1,28.7,0.1,28,73.4,8,44.3,18.8,6.38,1.55792
Bargarh,Safflower,Rabi,1,91.5,0.4,19.2,54.3,12.4,60.1,26.8,6.95,1.56744
Bargarh,Ginger,Whole Year,1,305.7,1,25,82.4,21.9,78.7,42.6,6.13,2.85698
Bargarh,Garlic,Rabi,1,294.4,1,17.7,70.7,21.6,78.8,41.9,6.32,2.1451
Bargarh,Cowpea(Lobia),Kharif,1,87,0.6,29.3,67.9,12.5,60.2,29.5,6.62,1.59535
Bargarh,Masoor,Rabi,1,91.3,0.5,18.5,52.4,13,71.6,26.4,6.95,1.60335
Bargarh,Peas & beans (Pulses),Rabi,1,101.1,0.6,17.8,56.4,13.2,69.3,28.2,6.86,1.59222
Bargarh,Bajra,Kharif,1,118.4,0.6,29.7,55.3,15,59.2,29.7,6.7,1.67848
Bargarh,Sunflower,Kharif,1,180.3,0.8,29,54.7,15.3,63.1,31.9,6.57,1.76386
Bargarh,Mesta,Kharif,1,160.5,0.6,28.1,72.7,15.3,64.1,32.4,6.56,2.03881
Bargarh,Tobacco,Rabi,1,398.7,1.9,25.1,72,26.1,83.2,47.8,6.12,1.88807
Bhadrak,Rice,Kharif,1,239.2,2,28.3,81.8,26.6,68.5,35,6.03,2.06683
Bhadrak,Moong(Green Gram),Kharif,1,76.2,0.6,27.6,67.5,12.6,58.8,28.8,6.69,0.75955
Bhadrak,Ragi,Kharif,1,109.6,0.5,23.2,58,14.5,54.5,26.6,6.18,1.19409
Bhadrak,Rapeseed &Mustard,Rabi,1,142.8,0.8,18.1,57.8,17,72,30,6.37,1.37086
Bhadrak,Horse-gram,Kharif,1,75.6,0.4,28.3,62.1,12.4,52,26.2,6.02,1.16079
Bhadrak,Groundnut,Kharif,1,151.8,1.2,29.7,71,14.9,76.5,39.6,6.68,1.60793
Bhadrak,Arhar/Tur,Kharif,1,111.8,0.7,26.8,62.1,13.4,65.8,31,6.54,1.21979
Bhadrak,Gram,Rabi,1,121.4,0.6,21,53,13.7,77.6,26,6.99,1.5447
Bhadrak,Maize,Kharif,1,272.4,1.5,25.7,65.7,26.9,73.8,37.8,6.43,1.85195
Bhadrak,Sesamum,Kharif,1,90.4,0.5,30,55,13.8,58.8,28.7,6.5,1.11953
Bhadrak,Turmeric,Whole Year,1,251.8,1,26,77.9,18.7,74.2,41.6,6.14,2.1452
Bhadrak,Dry chillies,Kharif,1,192.7,1.8,27.6,59.4,19.8,70,35.5,6.03,1.73987
Bhadrak,Niger seed,Kharif,1,90.1,0.5,28.5,52.9,12.9,59.5,27.2,6.44,1.13534
Bhadrak,Urad,Kharif,1,86,0.6,28,57.3,12.4,57.6,29.2,6.48,0.83253
Bhadrak,Coriander,Rabi,1,69.9,0.3,19.3,57.7,11.1,58.5,25.4,6.63,1.19161
Bhadrak,Onion,Rabi,1,409.3,2.1,19.7,66.1,22.6,84.9,42.2,6.59,6.27811
Bhadrak,Cotton(lint),Kharif,1,229.3,2.6,27.8,66.8,20.3,68.5,34,6.37,2.36669
Bhadrak,Jowar,Kharif,1,152.8,0.8,28.5,57.2,16.7,72.7,29.1,6.43,1.7313
Bhadrak,Wheat,Rabi,1,226.5,1.2,18.8,62.2,23.3,79.2,32.7,6.88,1.92944
Bhadrak,Other  Rabi pulses,Rabi,1,100.2,0.6,17.4,57.3,13.9,72.5,27.4,6.59,1.43349
Bhadrak,Castor seed,Kharif,1,152.2,0.8,27.3,60.3,14.9,58,31.5,6.42,1.60721
Bhadrak,Sweet potato,Kharif,1,216.8,0.6,27.1,72.1,15.9,70.8,40.3,5.95,6.3652
Bhadrak,Sugarcane,Whole Year,1,501.2,2.6,27.4,73.4,31.9,85,50.9,6.4,35.24375
Bhadrak,Small millets,Kharif,1,99.1,0.4,26.5,53,14.7,59.9,27.2,6.07,1.35162
Bhadrak,Jute,Kharif,1,197.2,0.8,28.6,72,19.3,72.6,37.1,6.67,2.93498
Bhadrak,Other Kharif pulses,Kharif,1,97.3,0.6,27.2,68,12.9,64,29.8,6.34,1.39136
Bhadrak,Potato,Rabi,1,557.3,2.1,18.7,67.7,26.1,95,52.4,6.7,5.85203
Bhadrak,Linseed,Rabi,1,91,0.4,18.8,57.1,12,59.8,26.7,6.69,1.45793
Bhadrak,Sannhamp,Kharif,1,30.3,0.1,29.2,72.5,8,46.6,18.8,6.36,1.55792
Bhadrak,Safflower,Rabi,1,88.3,0.4,20.6,55.4,12.6,57.8,27.3,7.16,1.52238
Bhadrak,Ginger,Whole Year,1,299,1,24.2,77.1,21.4,78,40.9,5.89,2.93636
Bhadrak,Garlic,Rabi,1,303.3,1,17.1,71.1,20.6,78.4,40.7,6.42,2.20038
Bhadrak,Cowpea(Lobia),Kharif,1,86,0.6,27.5,62.5,12.9,60.2,28.6,6.39,1.51864
Bhadrak,Masoor,Rabi,1,88.3,0.5,17.8,55.3,13.1,71,27,6.89,1.53967
Bhadrak,Peas & beans (Pulses),Rabi,1,101.3,0.6,17.9,56.1,13.8,70.1,28.4,6.82,1.5398
Bhadrak,Bajra,Kharif,1,118.8,0.6,30.1,52.9,15.3,58.3,30,6.5,1.65731
Bhadrak,Sunflower,Kharif,1,181.8,0.8,26.8,54.8,15.7,64.7,32.2,6.63,1.62307
Bhadrak,Mesta,Kharif,1,159.1,0.6,26.8,73.5,16,63.9,33.2,6.31,1.96086
Bhadrak,Tobacco,Rabi,1,405,2.1,26.4,69.4,28,82.7,48.5,6.16,1.82488
Boudh,Rice,Kharif,1,240,2,27.4,78.8,25.4,70.3,35.6,6.29,2.05883
Boudh,Moong(Green Gram),Kharif,1,71.7,0.6,28.5,65.3,12.3,57.5,30.1,6.44,0.82148
Boudh,Ragi,Kharif,1,110.9,0.5,24.7,59.5,14.1,52.6,27,5.88,1.20561
Boudh,Rapeseed &Mustard,Rabi,1,136.1,0.8,17.2,61.4,16.4,72.2,29.8,6.65,1.32783
Boudh,Horse-gram,Kharif,1,73.4,0.4,28.6,58.9,12.2,52,27.3,6.12,1.09023
Boudh,Groundnut,Kharif,1,148.2,1.2,28.7,73.1,14,76.1,38.2,6.47,1.58861
Boudh,Arhar/Tur,Kharif,1,113.7,0.7,28.8,63.8,13.9,65.6,31.2,6.6,1.33788
Boudh,Gram,Rabi,1,121.4,0.6,20.6,57.3,13.5,79.3,25.8,6.85,1.52581
Boudh,Maize,Kharif,1,275,1.6,26.9,62.4,26.3,76.1,37.7,6.57,1.88106
Boudh,Sesamum,Kharif,1,90.5,0.5,30.7,55.3,13.7,59,29.5,6.68,1.13057
Boudh,Turmeric,Whole Year,1,252,1,27.3,74.8,18.6,76.2,40.6,6.17,2.08967
Boudh,Dry chillies,Kharif,1,191.1,1.8,27.6,58.6,21.3,69.4,34.6,6.39,1.71461
Boudh,Niger seed,Kharif,1,92.1,0.5,27.8,55.3,13,58.1,27.2,6.67,1.1519
Boudh,Urad,Kharif,1,84,0.6,27.7,62,12.5,60,28.8,6.4,0.81263
Boudh,Coriander,Rabi,1,72.3,0.3,19.3,56.6,11.1,59.1,25.4,6.67,1.14732
Boudh,Onion,Rabi,1,405.3,1.9,20.7,67.9,24,84.1,40.5,6.64,6.21861
Boudh,Cotton(lint),Kharif,1,224.4,2.5,26.7,65.8,20,69.1,34.6,6.5,2.31976
Boudh,Jowar,Kharif,1,144.7,0.8,27.4,62.9,16.1,68.3,29.5,6.62,1.57724
Boudh,Wheat,Rabi,1,230.5,1.2,17.4,60.2,22.4,79.8,32.5,6.95,1.90855
Boudh,Other  Rabi pulses,Rabi,1,101.5,0.6,18.3,56.9,13.8,68.8,28.6,6.34,1.35621
Boudh,Castor seed,Kharif,1,146.8,0.8,27.1,60,15.6,60.3,32.5,6.64,1.49691
Boudh,Sweet potato,Kharif,1,212.2,0.6,27,72.7,15.6,70.2,40.2,6.17,6.36331
Boudh,Sugarcane,Whole Year,1,479.2,2.6,27.5,78.5,29.8,85.6,51.7,6.46,34.55523
Boudh,Small millets,Kharif,1,96.5,0.4,25.7,57.2,15.1,58.8,27.1,6.2,1.27765
Boudh,Jute,Kharif,1,205.6,0.8,27.8,77.5,19,68.4,37.2,6.46,3.02105
Boudh,Other Kharif pulses,Kharif,1,93.5,0.6,28,64.1,13.6,64,30.4,6.56,1.48272
Boudh,Potato,Rabi,1,551.4,2,17.2,67.6,24,96.6,52.1,6.43,5.82927
Boudh,Linseed,Rabi,1,86.7,0.4,17.6,53,12.9,58.2,26.5,6.46,1.41334
Boudh,Sannhamp,Kharif,1,29,0.1,27.5,69.2,8.3,45.2,18.8,6.66,1.53795
Boudh,Safflower,Rabi,1,92.8,0.4,19.8,53,13.1,58.4,26.7,6.97,1.50911
Boudh,Ginger,Whole Year,1,293.9,1,24.4,81,21.1,79.1,42.6,5.92,2.87949
Boudh,Garlic,Rabi,1,305.8,1,17.7,68.8,20.2,77.6,41.7,6.35,2.14743
Boudh,Cowpea(Lobia),Kharif,1,85,0.6,29.3,68,12.1,58,28.5,6.53,1.56996
Boudh,Masoor,Rabi,1,89.7,0.5,17.3,55.4,11.9,70.2,26.6,7.02,1.51848
Boudh,Peas & beans (Pulses),Rabi,1,101.8,0.6,17.6,56.1,13.3,69.2,28.3,6.8,1.51678
Boudh,Bajra,Kharif,1,120.5,0.6,30.9,52.7,14.9,59,29.8,6.5,1.67468
Boudh,Sunflower,Kharif,1,183.6,0.8,27.6,57.2,16.3,65.9,32.6,6.61,1.66731
Boudh,Mesta,Kharif,1,161.2,0.6,29.4,71.2,15.9,66.5,32.2,6.47,2.06235
Boudh,Tobacco,Rabi,1,390.5,2,26.2,70.5,27.2,84.6,48.6,6.04,1.84741
Cuttack,Rice,Kharif,1,236.8,1.9,26.8,83.7,26.9,68.5,34.4,6.12,1.9986
Cuttack,Moong(Green Gram),Kharif,1,74,0.6,27.8,66.3,12.3,59.9,29.6,6.35,0.82134
Cuttack,Ragi,Kharif,1,112.6,0.5,25.2,58.5,14.3,52.4,26.8,6.18,1.20972
Cuttack,Rapeseed &Mustard,Rabi,1,136.7,0.8,17.9,57.2,17,72.5,29.4,6.46,1.36008
Cuttack,Horse-gram,Kharif,1,75.4,0.4,26.8,57.6,12.5,52.3,25.7,6.18,1.06895
Cuttack,Groundnut,Kharif,1,151.7,1.2,30.3,70.8,14.5,75.1,37.5,6.55,1.55356
Cuttack,Arhar/Tur,Kharif,1,110.9,0.7,26.8,62.6,13,66.6,31.6,6.58,1.22024
Cuttack,Gram,Rabi,1,118.4,0.6,19.4,55.7,13.6,79.7,27.4,7.02,1.55442
Cuttack,Maize,Kharif,1,276.5,1.5,24.8,64.1,27.6,75,36.9,6.69,1.95499
Cuttack,Sesamum,Kharif,1,90.6,0.5,31,54.9,13.9,59,29.7,6.42,1.12881
Cuttack,Turmeric,Whole Year,1,244.6,1,26.6,77,19.5,74.5,41.5,6.11,2.08375
Cuttack,Dry chillies,Kharif,1,193.8,1.7,28.6,60.3,21.1,70.5,34.2,6.3,1.82282
Cuttack,Niger seed,Kharif,1,90.7,0.5,28.9,54.7,13.3,58.5,28.3,6.62,1.15553
Cuttack,Urad,Kharif,1,85.4,0.6,27.1,57.8,12.9,58.5,29.8,6.44,0.77481
Cuttack,Coriander,Rabi,1,69.3,0.3,19.6,53.7,11.2,60.6,25.5,6.34,1.1802
Cuttack,Onion,Rabi,1,426.9,2.1,20.7,62.6,23,83.9,40.6,6.63,6.26741
Cuttack,Cotton(lint),Kharif,1,233.4,2.5,26.4,64.4,20.5,72.6,35,6.34,2.26614
Cuttack,Jowar,Kharif,1,150.9,0.8,29.3,59,16.7,72.7,29.7,6.59,1.6571
Cuttack,Wheat,Rabi,1,229.8,1.1,18.1,58.3,23,78.2,31.6,7.13,1.9033
Cuttack,Other  Rabi pulses,Rabi,1,100,0.6,17.7,56,13.4,71.6,28.2,6.48,1.41829
Cuttack,Castor seed,Kharif,1,148.4,0.8,29.3,58.2,16,58.1,32.5,6.36,1.6224
Cuttack,Sweet potato,Kharif,1,223.6,0.6,25.7,72.8,16.3,70.2,41.8,6.08,6.30918
Cuttack,Sugarcane,Whole Year,1,480,2.4,27.9,72.2,30.1,85.7,52.1,6.58,34.81515
Cuttack,Small millets,Kharif,1,102.6,0.4,24.9,54.4,14.2,58,28,6.15,1.37156
Cuttack,Jute,Kharif,1,200.2,0.8,29.4,72.3,18.8,68.6,39.7,6.48,2.88392
Cuttack,Other Kharif pulses,Kharif,1,95.1,0.6,28.5,67.3,14.1,64.7,28.6,6.54,1.5216
Cuttack,Potato,Rabi,1,548.9,1.9,17.6,67.1,25.8,95.5,52.4,6.61,5.85732
Cuttack,Linseed,Rabi,1,92.1,0.4,18,55.1,12.5,58.3,27.1,6.66,1.48923
Cuttack,Sannhamp,Kharif,1,30.1,0.1,28.3,70.2,8.7,44.3,18.3,6.35,1.55332
Cuttack,Safflower,Rabi,1,90.9,0.4,20.5,57.5,12.4,60.6,26.5,6.9,1.54509
Cuttack,Ginger,Whole Year,1,295.4,1,25.3,80,21.6,79.4,40.5,6.01,2.85915
Cuttack,Garlic,Rabi,1,297.8,1,17.5,72.2,21.4,78.2,42.6,6.63,2.15873
Cuttack,Cowpea(Lobia),Kharif,1,84.8,0.6,29,62.1,12.5,60.2,29,6.54,1.57891
Cuttack,Masoor,Rabi,1,91.1,0.5,18.4,56.1,12.2,70.8,27.4,7.11,1.5626
Cuttack,Peas & beans (Pulses),Rabi,1,98.3,0.6,17.6,57.1,13.5,68.9,28,6.71,1.56681
Cuttack,Bajra,Kharif,1,118.7,0.6,29.9,54.2,14.4,59.3,29.5,6.4,1.67162
Cuttack,Sunflower,Kharif,1,179.7,0.8,28,52.5,15.6,64.1,31.6,6.45,1.69703
Cuttack,Mesta,Kharif,1,161.7,0.6,29.2,71.7,15.9,65.1,31.7,6.59,1.99912
Cuttack,Tobacco,Rabi,1,390.9,2,27,67.8,27.8,82.6,48,5.83,1.74818
Deogarh,Rice,Kharif,1,240.1,2,27.1,76.1,26.6,71.8,35,6.25,1.97686
Deogarh,Moong(Green Gram),Kharif,1,75.2,0.6,27.1,67.6,12.7,60.2,30.4,6.46,0.76261
Deogarh,Ragi,Kharif,1,109.2,0.5,25.1,57,14.6,52,26.5,5.84,1.2248
Deogarh,Rapeseed &Mustard,Rabi,1,139.2,0.8,18.9,61.3,16.8,72.2,30.2,6.51,1.37969
Deogarh,Horse-gram,Kharif,1,76.4,0.4,26.9,57.8,12.4,53.5,26.4,6.17,1.03288
Deogarh,Groundnut,Kharif,1,148.4,1.2,30.9,71.4,14.9,75.3,38.7,6.33,1.60932
Deogarh,Arhar/Tur,Kharif,1,110.5,0.7,27.1,64.8,13.1,64.7,31.9,6.38,1.20171
Deogarh,Gram,Rabi,1,116.9,0.6,20.4,56.8,13.3,79,26.7,6.93,1.50794
Deogarh,Maize,Kharif,1,271.1,1.5,26.5,63.4,28,76.5,39.3,6.48,1.86405
Deogarh,Sesamum,Kharif,1,89.8,0.5,28.9,52.3,13.4,58.4,29.9,6.63,1.1199
Deogarh,Turmeric,Whole Year,1,250.8,1,25.4,77.3,19.2,76.5,39.7,5.98,2.26739
Deogarh,Dry chillies,Kharif,1,191,1.8,26.7,59.8,19.9,71,36.4,6.16,1.65654
Deogarh,Niger seed,Kharif,1,88.1,0.5,27.1,53.8,14.2,59.9,27.8,6.4,1.09414
Deogarh,Urad,Kharif,1,84.4,0.6,27.4,57.8,12,59.5,30.2,6.55,0.80567
Deogarh,Coriander,Rabi,1,72.5,0.3,19.7,55.2,11.4,59.8,25.6,6.46,1.16893
Deogarh,Onion,Rabi,1,398.6,2.1,20.6,62.1,21.9,85.1,40.5,6.7,6.2882
Deogarh,Cotton(lint),Kharif,1,234,2.4,27.9,67.7,20.6,68.9,35.4,6.64,2.40794
Deogarh,Jowar,Kharif,1,152.9,0.8,27.1,60.6,16.8,71.8,28.7,6.31,1.57981
Deogarh,Wheat,Rabi,1,235.4,1.2,17.4,62.9,21.9,79.5,32.6,7,1.91775
Deogarh,Other  Rabi pulses,Rabi,1,96.9,0.6,17.1,57.3,13.2,72.4,27.3,6.67,1.40416
Deogarh,Castor seed,Kharif,1,148.7,0.8,29.2,61.6,15.6,58.3,31.8,6.45,1.65576
Deogarh,Sweet potato,Kharif,1,217.5,0.6,25.1,67.6,14.9,71.8,42.5,6.06,5.97343
Deogarh,Sugarcane,Whole Year,1,481.1,2.6,28.8,72.9,31.8,82.9,51.6,6.58,34.87754
Deogarh,Small millets,Kharif,1,100.5,0.4,25.7,57.7,14.4,59.4,28.2,6.17,1.26388
Deogarh,Jute,Kharif,1,203.1,0.8,27,76.8,18.6,69.3,39.2,6.65,3.04662
Deogarh,Other Kharif pulses,Kharif,1,94.9,0.6,27.9,63.5,13.1,64.3,29.4,6.34,1.52539
Deogarh,Potato,Rabi,1,545.4,2.1,18.7,70,24.3,95.8,52,6.49,5.8966
Deogarh,Linseed,Rabi,1,92.2,0.4,17.2,56.9,13.1,58.4,27.3,6.33,1.4241
Deogarh,Sannhamp,Kharif,1,29.8,0.1,29.1,67.2,8.5,44.3,18.3,6.31,1.58264
Deogarh,Safflower,Rabi,1,91.5,0.4,19.2,53.4,12.7,59.9,25.7,7.09,1.52208
Deogarh,Ginger,Whole Year,1,292.8,1,25.2,82.7,21.1,78.4,42.5,5.92,2.89397
Deogarh,Garlic,Rabi,1,298.9,1,17.4,68.5,20.4,79.3,41.5,6.46,2.15337
Deogarh,Cowpea(Lobia),Kharif,1,84.3,0.6,27.1,67.5,12.3,59.5,29.7,6.49,1.4817
Deogarh,Masoor,Rabi,1,87.3,0.5,18.3,52.7,12.7,71.5,26.8,7.04,1.5298
Deogarh,Peas & beans (Pulses),Rabi,1,102.6,0.6,18.1,57,14,71,28.7,6.63,1.52975
Deogarh,Bajra,Kharif,1,122.6,0.6,30.9,56,14.8,58.4,29.3,6.37,1.73487
Deogarh,Sunflower,Kharif,1,187.3,0.8,27.8,57.7,15.8,65.7,31.4,6.63,1.74728
Deogarh,Mesta,Kharif,1,162.6,0.6,27.7,69.3,15.3,65.8,31.6,6.65,1.92834
Deogarh,Tobacco,Rabi,1,406,2,25.8,67.5,26.1,84.2,48.9,6.17,1.77816
Dhenkanal,Rice,Kharif,1,237.8,2,26.6,79.3,26.1,72.4,36.2,6.01,2.02633
Dhenkanal,Moong(Green Gram),Kharif,1,73.8,0.6,26.7,67.5,12.2,60.2,29.4,6.67,0.76398
Dhenkanal,Ragi,Kharif,1,111.6,0.5,23.5,59.9,15,54.1,26.2,5.85,1.22306
Dhenkanal,Rapeseed &Mustard,Rabi,1,143.9,0.8,17.9,60.9,16,72.6,28.7,6.6,1.3565
Dhenkanal,Horse-gram,Kharif,1,77.3,0.4,27,58.9,13.1,54.4,26.9,6.35,1.05081
Dhenkanal,Groundnut,Kharif,1,148.8,1.2,29.2,69.7,15.3,76.8,39.1,6.63,1.57429
Dhenkanal,Arhar/Tur,Kharif,1,109,0.7,27.6,65.6,13.4,65.9,29.8,6.44,1.25387
Dhenkanal,Gram,Rabi,1,122.1,0.6,19.6,54.4,13.6,78.3,26.8,7.14,1.5682
Dhenkanal,Maize,Kharif,1,282.1,1.5,24.8,66.8,27.6,75.8,39.2,6.56,1.95735
Dhenkanal,Sesamum,Kharif,1,88.1,0.5,29.4,57.6,14.1,57.7,28.9,6.44,1.12394
Dhenkanal,Turmeric,Whole Year,1,249.1,1,25.7,72,17.9,76.5,41.4,5.95,1.90821
Dhenkanal,Dry chillies,Kharif,1,190.5,1.7,26.8,62.9,21.7,69.2,34.1,6.28,1.60635
Dhenkanal,Niger seed,Kharif,1,89.5,0.5,29.1,56.7,14,60.5,27.6,6.57,1.12991
Dhenkanal,Urad,Kharif,1,87.6,0.6,27.8,59.3,12.4,57.8,30.3,6.38,0.80692
Dhenkanal,Coriander,Rabi,1,69.8,0.3,20.8,55.9,11.2,59.1,24,6.65,1.18649
Dhenkanal,Onion,Rabi,1,395.5,2,20.6,66.7,23.8,82.8,41,6.34,6.30414
Dhenkanal,Cotton(lint),Kharif,1,228.3,2.6,26.5,63.4,21.2,71.6,36.5,6.65,2.28316
Dhenkanal,Jowar,Kharif,1,150.7,0.8,28,62.2,16.5,71.6,28.7,6.64,1.67513
Dhenkanal,Wheat,Rabi,1,223.3,1.2,18.7,59.7,22.7,77.3,32.3,7,1.9078
Dhenkanal,Other  Rabi pulses,Rabi,1,99.5,0.6,17.6,56.4,13.4,72.5,27,6.61,1.41767
Dhenkanal,Castor seed,Kharif,1,148.6,0.8,29.3,59.3,15.4,58.9,33.4,6.31,1.65648
Dhenkanal,Sweet potato,Kharif,1,216.5,0.6,26.3,68.2,16.2,68.6,41.8,5.95,6.03046
Dhenkanal,Sugarcane,Whole Year,1,485.6,2.4,27.4,76.7,31.4,85.7,51.4,6.7,34.64482
Dhenkanal,Small millets,Kharif,1,100.2,0.4,27.2,57.3,14.4,58.1,27.2,5.85,1.41718
Dhenkanal,Jute,Kharif,1,199.7,0.8,28.4,71.5,19.4,70.2,38.7,6.32,2.93694
Dhenkanal,Other Kharif pulses,Kharif,1,97.6,0.6,28.5,64.5,13.7,65.1,28.4,6.36,1.45788
Dhenkanal,Potato,Rabi,1,550.1,2,18.3,68.4,25.7,94.3,50.8,6.34,5.85643
Dhenkanal,Linseed,Rabi,1,88.4,0.4,17.5,53.3,12.6,57.6,26.9,6.58,1.45533
Dhenkanal,Sannhamp,Kharif,1,29.3,0.1,29.2,68.8,8.1,44.1,18.9,6.63,1.57869
Dhenkanal,Safflower,Rabi,1,88.2,0.4,20.4,52.8,12.3,57.8,27.2,6.92,1.52101
Dhenkanal,Ginger,Whole Year,1,293.3,1,24.5,82.4,19.8,79.4,40,6.1,2.89924
Dhenkanal,Garlic,Rabi,1,298.7,1,17.7,69.6,20.1,77.7,40.1,6.63,2.17272
Dhenkanal,Cowpea(Lobia),Kharif,1,85.3,0.6,27.7,67.3,12.7,57.5,28.4,6.35,1.50137
Dhenkanal,Masoor,Rabi,1,89.8,0.5,17.8,55.5,12.9,69.3,26.2,6.95,1.54004
Dhenkanal,Peas & beans (Pulses),Rabi,1,98.3,0.6,18.9,53,13.1,68.4,28.4,6.62,1.54496
Dhenkanal,Bajra,Kharif,1,119,0.6,30.8,55.4,14.6,59.9,29.4,6.44,1.65911
Dhenkanal,Sunflower,Kharif,1,177.7,0.8,27.3,54.2,16.1,64.8,31.4,6.52,1.65385
Dhenkanal,Mesta,Kharif,1,162,0.6,29,72.5,15.6,66.6,31.3,6.4,2.08129
Dhenkanal,Tobacco,Rabi,1,399.5,2,25.7,68.1,27.9,85.3,47.1,6.14,1.773
Gajapati,Rice,Kharif,1,237.4,2,25.9,79.3,25.9,72.6,34.1,6.24,2.03271
Gajapati,Moong(Green Gram),Kharif,1,74.6,0.6,28.5,67.9,12.5,58.8,29.8,6.48,0.81959
Gajapati,Ragi,Kharif,1,110.6,0.5,24.5,57.7,14.6,54.5,25.7,6.13,1.1796
Gajapati,Rapeseed &Mustard,Rabi,1,142.1,0.8,17.2,58,16,70.9,28.5,6.34,1.3663
Gajapati,Horse-gram,Kharif,1,75.6,0.4,27.9,61.7,12.2,53.8,26.6,6.37,1.0913
Gajapati,Groundnut,Kharif,1,153.1,1.2,30.5,73.2,14.3,76.8,38.3,6.32,1.59921
Gajapati,Arhar/Tur,Kharif,1,112.6,0.7,29.2,62.9,13.5,65.2,30,6.45,1.35967
Gajapati,Gram,Rabi,1,122.6,0.6,21,57.3,13.8,79.4,26.7,7.19,1.58244
Gajapati,Maize,Kharif,1,276.5,1.5,26.6,63.7,27.8,76.1,37.4,6.67,1.84602
Gajapati,Sesamum,Kharif,1,89.9,0.5,29.5,55.9,13.5,58.2,29.1,6.5,1.12425
Gajapati,Turmeric,Whole Year,1,247.2,1,25.9,75.5,18.7,75.3,39.9,6.14,2.10324
Gajapati,Dry chillies,Kharif,1,191.8,1.8,26.7,57.9,20.7,71.2,35,6.06,1.6483
Gajapati,Niger seed,Kharif,1,89.7,0.5,27.4,56.4,13.1,60.6,27.1,6.65,1.1771
Gajapati,Urad,Kharif,1,87.4,0.6,27.3,61.7,12.9,57.7,28.6,6.67,0.80682
Gajapati,Coriander,Rabi,1,72.2,0.3,20.1,52.3,11.7,60.1,25.1,6.65,1.18778
Gajapati,Onion,Rabi,1,422.3,2,20.5,65.3,23.1,84.3,40.6,6.42,6.25804
Gajapati,Cotton(lint),Kharif,1,225.2,2.4,27,64.2,20,69.8,35.7,6.53,2.26894
Gajapati,Jowar,Kharif,1,148.4,0.8,27,58.9,17.1,72.2,29.9,6.56,1.52048
Gajapati,Wheat,Rabi,1,229.6,1.2,17.7,58.3,24,78.7,32,6.97,1.90653
Gajapati,Other  Rabi pulses,Rabi,1,97.7,0.6,17.7,54.2,13.6,69.2,28.2,6.7,1.41548
Gajapati,Castor seed,Kharif,1,150.4,0.8,27.8,62.4,15.2,57.7,33.2,6.57,1.63084
Gajapati,Sweet potato,Kharif,1,225.9,0.6,26.1,68.5,15.4,71.7,41.4,6.12,6.00778
Gajapati,Sugarcane,Whole Year,1,483.3,2.4,28,78.4,32.2,85.3,53.1,6.3,34.19827
Gajapati,Small millets,Kharif,1,99.6,0.4,25.8,52.8,15.1,59.4,28.2,6.11,1.28453
Gajapati,Jute,Kharif,1,205,0.8,27.9,73.7,17.9,72.4,39.2,6.52,2.94908
Gajapati,Other Kharif pulses,Kharif,1,93.5,0.6,28.4,64.6,13.2,63.5,29.8,6.56,1.50391
Gajapati,Potato,Rabi,1,557.3,2,17.2,73,24.5,94.7,50.5,6.33,5.98612
Gajapati,Linseed,Rabi,1,90.3,0.4,18,55.2,13,59.3,26.3,6.52,1.43781
Gajapati,Sannhamp,Kharif,1,30.3,0.1,28.8,71.6,8,46.1,17.3,6.52,1.53974
Gajapati,Safflower,Rabi,1,87.7,0.4,20.9,53.9,12.8,58.1,26.3,6.97,1.52397
Gajapati,Ginger,Whole Year,1,297.8,1,25.8,77.6,20.5,78.1,41.9,6.14,2.79606
Gajapati,Garlic,Rabi,1,307.7,1,17.6,67,21.4,78.6,39.8,6.43,2.14643
Gajapati,Cowpea(Lobia),Kharif,1,83.4,0.6,29.1,63.8,11.9,58,29.6,6.53,1.57982
Gajapati,Masoor,Rabi,1,89.2,0.5,17.1,53.6,12.7,69.4,26.8,7.14,1.54148
Gajapati,Peas & beans (Pulses),Rabi,1,100.9,0.6,17.7,53.9,13.5,70.2,27.5,6.94,1.54037
Gajapati,Bajra,Kharif,1,120.9,0.6,31.2,52.7,15,57.7,29.3,6.31,1.72895
Gajapati,Sunflower,Kharif,1,180.8,0.8,28.1,55.2,15.3,65.5,32.3,6.45,1.80504
Gajapati,Mesta,Kharif,1,160.8,0.6,27.9,70.1,15.9,63,32.1,6.64,2.0643
Gajapati,Tobacco,Rabi,1,400.5,2,25.9,67.8,27.4,82.4,46.3,6.09,1.7773
Ganjam,Rice,Kharif,1,237.7,2,25.8,79,25.3,68.8,34.6,6.14,2.04587
Ganjam,Moong(Green Gram),Kharif,1,73.7,0.6,27.5,66.3,12.3,57.4,29.9,6.41,0.8031
Ganjam,Ragi,Kharif,1,109.7,0.5,24.4,62,14.1,53.1,26.8,6.01,1.2339
Ganjam,Rapeseed &Mustard,Rabi,1,140.5,0.8,18.2,60,16.7,71.9,30,6.56,1.37045
Ganjam,Horse-gram,Kharif,1,73.2,0.4,26.9,58.4,12,54.4,25.7,6.19,1.05659
Ganjam,Groundnut,Kharif,1,149.1,1.1,28.6,70.5,13.9,76.6,39.3,6.53,1.58802
Ganjam,Arhar/Tur,Kharif,1,106.4,0.7,28.3,65.4,13.6,65.1,31.3,6.41,1.31814
Ganjam,Gram,Rabi,1,120,0.6,19.3,56.8,13.4,77.3,25.6,6.87,1.51062
Ganjam,Maize,Kharif,1,282.5,1.5,25.9,65.6,26.6,76.4,38.6,6.38,1.83427
Ganjam,Sesamum,Kharif,1,90.9,0.5,28.8,54.9,14,60.6,28.6,6.5,1.13215
Ganjam,Turmeric,Whole Year,1,242.4,1,26.9,78,19.4,74.8,41.5,5.95,2.09976
Ganjam,Dry chillies,Kharif,1,184.8,1.9,28.8,59.3,20.9,70,34.8,6.28,1.71486
Ganjam,Niger seed,Kharif,1,87.6,0.5,29,53.8,13.3,58.5,27.3,6.58,1.13365
Ganjam,Urad,Kharif,1,84.8,0.6,28.4,61.1,12.5,57.7,29.4,6.56,0.81976
Ganjam,Coriander,Rabi,1,70.4,0.3,19.6,56,11.9,58.5,25.4,6.49,1.17362
Ganjam,Onion,Rabi,1,404.4,2,19.7,66.3,23.6,85.2,40.3,6.6,6.26592
Ganjam,Cotton(lint),Kharif,1,227.8,2.4,26.7,63.9,20.1,69.1,35.6,6.36,2.28109
Ganjam,Jowar,Kharif,1,149.7,0.8,29.2,59.6,17.1,71.1,28.8,6.32,1.70638
Ganjam,Wheat,Rabi,1,232.1,1.2,18.4,60.6,23.5,78.4,33,6.98,1.89302
Ganjam,Other  Rabi pulses,Rabi,1,100.6,0.6,17.2,55.5,13.9,70.2,28.8,6.31,1.39869
Ganjam,Castor seed,Kharif,1,144.8,0.8,28.8,59.1,15.7,59.5,32.6,6.59,1.60114
Ganjam,Sweet potato,Kharif,1,213.2,0.6,27.1,68.9,16.2,71,40,5.88,5.97942
Ganjam,Sugarcane,Whole Year,1,484.4,2.5,26.9,71.8,29.9,83.9,51.3,6.68,35.13633
Ganjam,Small millets,Kharif,1,102.6,0.4,27.2,55.3,14.3,57.6,28,5.98,1.41944
Ganjam,Jute,Kharif,1,196.2,0.8,26.8,76,18.4,70.2,36.9,6.43,3.04492
Ganjam,Other Kharif pulses,Kharif,1,95,0.6,27.3,62.4,14,63.1,30.2,6.67,1.48061
Ganjam,Potato,Rabi,1,557.7,2,18.8,71.3,25.9,96,51.8,6.59,5.91215
Ganjam,Linseed,Rabi,1,89.3,0.4,18.2,53.1,12.5,59.3,27,6.57,1.46298
Ganjam,Sannhamp,Kharif,1,30.4,0.1,28,70.8,8.7,45.2,18.8,6.65,1.57305
Ganjam,Safflower,Rabi,1,92.7,0.4,19.4,55.4,12.7,58.5,26.4,7.02,1.53969
Ganjam,Ginger,Whole Year,1,301.6,1,26.2,81.6,20.1,77.2,39.9,5.88,2.7417
Ganjam,Garlic,Rabi,1,301.4,1,18.1,68.2,21.7,78,41.9,6.5,2.11964
Ganjam,Cowpea(Lobia),Kharif,1,84.5,0.6,27.4,62.9,12.5,58,28.9,6.34,1.52974
Ganjam,Masoor,Rabi,1,88.1,0.5,17.4,57.5,12.4,70.2,26.5,7,1.54617
Ganjam,Peas & beans (Pulses),Rabi,1,103,0.6,18.5,53.9,13.1,69.9,27.5,6.88,1.54612
Ganjam,Bajra,Kharif,1,118.6,0.6,29.8,54.1,14.4,58.5,29.6,6.4,1.64857
Ganjam,Sunflower,Kharif,1,178.5,0.8,27.2,55.4,16.1,65.3,31.3,6.44,1.60788
Ganjam,Mesta,Kharif,1,162.3,0.6,27.7,68.5,15,65.5,31.8,6.62,1.91083
Ganjam,Tobacco,Rabi,1,399.6,2.1,24.9,67.6,27.7,84.6,48.6,5.91,1.89359
Jagatsinghpur,Rice,Kharif,1,240.6,2.1,26.6,80.7,27,69.7,35.5,6.01,2.01541
Jagatsinghpur,Moong(Green Gram),Kharif,1,77.1,0.6,26.8,62.8,12.1,58.5,30.4,6.52,0.76318
Jagatsinghpur,Ragi,Kharif,1,108.1,0.5,23.4,57.9,14.9,53.1,26.6,5.9,1.22652
Jagatsinghpur,Rapeseed &Mustard,Rabi,1,137.7,0.8,17.2,61,17.4,69.5,29.2,6.69,1.37105
Jagatsinghpur,Horse-gram,Kharif,1,74.4,0.4,28.6,58.1,12.9,54.3,26.8,6.23,1.07305
Jagatsinghpur,Groundnut,Kharif,1,149.8,1.2,30.1,72.1,15.1,76.2,38.8,6.42,1.56959
Jagatsinghpur,Arhar/Tur,Kharif,1,111.2,0.7,27.9,61.8,13.6,65.3,30.7,6.3,1.33862
Jagatsinghpur,Gram,Rabi,1,117.8,0.6,19.7,54.5,13.4,78,25.9,7.09,1.5058
Jagatsinghpur,Maize,Kharif,1,276.1,1.5,25.3,66.7,26.3,76.7,38.2,6.41,1.9865
Jagatsinghpur,Sesamum,Kharif,1,91.3,0.5,29,53.8,13.2,57.8,28.5,6.55,1.11967
Jagatsinghpur,Turmeric,Whole Year,1,240,1,25.2,72,19.4,74.1,42.1,5.89,2.00765
Jagatsinghpur,Dry chillies,Kharif,1,186.3,1.8,28.8,63,21.5,72.2,34.1,6.34,1.73832
Jagatsinghpur,Niger seed,Kharif,1,90.9,0.5,27.9,53.3,13.3,60,27.2,6.35,1.13178
Jagatsinghpur,Urad,Kharif,1,85.7,0.6,28.7,57.2,12.3,58,30.1,6.69,0.80276
Jagatsinghpur,Coriander,Rabi,1,70,0.3,20.3,52.5,11.8,60.1,24.2,6.56,1.18572
Jagatsinghpur,Onion,Rabi,1,413.2,1.9,19.2,65.9,22.8,83.8,41.8,6.35,6.3094
Jagatsinghpur,Cotton(lint),Kharif,1,226.7,2.6,26.9,65.6,20.3,70.2,34.7,6.34,2.28036
Jagatsinghpur,Jowar,Kharif,1,154.5,0.8,26.8,60.9,17.1,70.2,29.5,6.39,1.56076
Jagatsinghpur,Wheat,Rabi,1,238.8,1.2,17.9,58.2,22.5,79.3,32.3,7.16,1.915
Jagatsinghpur,Other  Rabi pulses,Rabi,1,99.2,0.6,17.4,53.3,14,69.9,28.8,6.63,1.39639
Jagatsinghpur,Castor seed,Kharif,1,150.1,0.8,27.4,58.6,16.4,59,31.8,6.45,1.54289
Jagatsinghpur,Sweet potato,Kharif,1,220.5,0.6,25.3,71.5,15.4,70.6,42.7,6.01,6.27363
Jagatsinghpur,Sugarcane,Whole Year,1,482.7,2.5,28.4,72.1,32.2,85.1,50.8,6.35,34.71436
Jagatsinghpur,Small millets,Kharif,1,100.6,0.4,26.2,56.8,14.2,59.5,28.7,5.9,1.36229
Jagatsinghpur,Jute,Kharif,1,195.9,0.8,27.2,74.9,18.9,68.6,39.2,6.32,3.06374
Jagatsinghpur,Other Kharif pulses,Kharif,1,96.4,0.6,28.6,67.1,14,63.9,30,6.42,1.43801
Jagatsinghpur,Potato,Rabi,1,553.4,2,18.1,67.8,24.4,97.3,50.8,6.37,5.88366
Jagatsinghpur,Linseed,Rabi,1,89.2,0.4,17.7,54.8,12.4,60.6,26,6.37,1.41887
Jagatsinghpur,Sannhamp,Kharif,1,29.4,0.1,27.8,69,8.3,44.8,17.3,6.45,1.57286
Jagatsinghpur,Safflower,Rabi,1,91.3,0.4,20.1,53.4,11.9,59.1,26,7.18,1.51058
Jagatsinghpur,Ginger,Whole Year,1,301.5,1,25.2,80.1,21.9,78.1,39.6,5.89,2.87681
Jagatsinghpur,Garlic,Rabi,1,305.3,1,17.6,70.4,21.7,79.4,41.7,6.32,2.13621
Jagatsinghpur,Cowpea(Lobia),Kharif,1,83.1,0.6,27.3,67,12.9,57.8,29,6.59,1.53292
Jagatsinghpur,Masoor,Rabi,1,91,0.5,18.3,55.4,12.9,71.4,25.8,7.09,1.51828
Jagatsinghpur,Peas & beans (Pulses),Rabi,1,97.2,0.6,17.7,56.7,13.8,70.2,27,6.69,1.52105
Jagatsinghpur,Bajra,Kharif,1,119.1,0.6,29.6,53.9,14,58.3,30.1,6.5,1.63858
Jagatsinghpur,Sunflower,Kharif,1,178.4,0.8,27.8,55.5,15.7,65.7,32.4,6.46,1.69928
Jagatsinghpur,Mesta,Kharif,1,156.5,0.6,27.7,67.1,15,64,31.9,6.35,1.95936
Jagatsinghpur,Tobacco,Rabi,1,403.2,1.9,26.3,71.6,25.9,83.8,48.2,5.93,1.81501
Jajapur,Rice,Kharif,1,244.7,2,26.6,78.6,25.9,68.6,36.4,6.4,2.03274
Jajapur,Moong(Green Gram),Kharif,1,76.6,0.6,26.7,67.1,12.6,57.4,29.4,6.64,0.76696
Jajapur,Ragi,Kharif,1,108.1,0.5,24.9,61.9,14.2,52.4,26.4,5.98,1.22567
Jajapur,Rapeseed &Mustard,Rabi,1,136.1,0.8,18,58.6,16.9,69.3,29.2,6.58,1.36395
Jajapur,Horse-gram,Kharif,1,74.4,0.4,27.1,58.7,12.7,52.3,27.3,6.26,1.04327
Jajapur,Groundnut,Kharif,1,146.4,1.2,30.5,72.5,13.9,75.6,38.2,6.39,1.58177
Jajapur,Arhar/Tur,Kharif,1,109.9,0.7,29,65.2,14.2,65,30.6,6.67,1.3298
Jajapur,Gram,Rabi,1,117.2,0.6,19.8,53.1,13.5,78.8,27.3,6.89,1.50792
Jajapur,Maize,Kharif,1,289.6,1.5,27,67.5,26.4,73.6,39.1,6.41,1.83885
Jajapur,Sesamum,Kharif,1,90.7,0.5,29.6,57.5,13.3,59.9,29.7,6.4,1.12237
Jajapur,Turmeric,Whole Year,1,253,1,26.1,72.8,19.3,76.2,40.6,6.15,1.94567
Jajapur,Dry chillies,Kharif,1,189.6,1.7,29.4,62.9,19.9,70.7,36.1,6.13,1.73305
Jajapur,Niger seed,Kharif,1,90.4,0.5,29.1,56.2,13.1,60,27.9,6.46,1.11694
Jajapur,Urad,Kharif,1,87.4,0.6,27.4,61.7,12.7,59.5,30.1,6.54,0.79412
Jajapur,Coriander,Rabi,1,69.2,0.3,20.4,54.2,11,60,24.9,6.54,1.16631
Jajapur,Onion,Rabi,1,418.1,2,19.3,63,22.4,82.6,40.2,6.41,6.31994
Jajapur,Cotton(lint),Kharif,1,234.2,2.6,25.8,67.8,19.9,72.4,35.3,6.43,2.25684
Jajapur,Jowar,Kharif,1,148.3,0.8,28.7,59.3,17.5,70.7,28.9,6.54,1.6874
Jajapur,Wheat,Rabi,1,234,1.2,17.9,62,23.5,77.6,32,6.96,1.91165
Jajapur,Other  Rabi pulses,Rabi,1,100.9,0.6,17.2,53.9,13.9,72.2,27.6,6.48,1.38126
Jajapur,Castor seed,Kharif,1,147.1,0.8,27,62,15,58.6,33.3,6.61,1.49378
Jajapur,Sweet potato,Kharif,1,219,0.6,25.9,67.8,16,72.3,40.8,5.98,6.02192
Jajapur,Sugarcane,Whole Year,1,484.6,2.6,28.6,72.2,32.7,84.1,51.8,6.51,34.71962
Jajapur,Small millets,Kharif,1,100.4,0.4,25.7,54.3,15.2,59.2,28.5,6.06,1.26284
Jajapur,Jute,Kharif,1,196.1,0.8,27.8,73.6,19.2,68.5,38.5,6.35,2.92893
Jajapur,Other Kharif pulses,Kharif,1,93.3,0.6,27.9,67.3,14,65,29,6.4,1.45512
Jajapur,Potato,Rabi,1,549.1,1.9,18.2,68.2,23.9,96.2,51.3,6.63,5.85726
Jajapur,Linseed,Rabi,1,88,0.4,18.6,55.9,12.6,58.9,26.8,6.32,1.41733
Jajapur,Sannhamp,Kharif,1,29.8,0.1,28.5,70.7,8.2,43.4,18.9,6.53,1.54224
Jajapur,Safflower,Rabi,1,89.5,0.4,19.8,52.6,12.3,60.8,26.1,6.85,1.51738
Jajapur,Ginger,Whole Year,1,301.2,1,25.5,80.9,21.8,79.7,39.8,6.19,2.86577
Jajapur,Garlic,Rabi,1,306.1,1,17.6,70.8,21.1,78,42.1,6.44,2.16294
Jajapur,Cowpea(Lobia),Kharif,1,84.4,0.6,28,62.9,12.7,60.7,28.7,6.3,1.57026
Jajapur,Masoor,Rabi,1,88.3,0.5,18.5,57.7,12.6,71.7,25.6,7.06,1.53324
Jajapur,Peas & beans (Pulses),Rabi,1,96.6,0.6,17.7,55,13,71.7,27.7,6.74,1.53878
Jajapur,Bajra,Kharif,1,119.5,0.6,29.5,54.1,14.4,59.3,29.6,6.56,1.61864
Jajapur,Sunflower,Kharif,1,183.5,0.8,27.5,56.6,15.9,66.6,32.1,6.42,1.64032
Jajapur,Mesta,Kharif,1,160.8,0.6,28.5,72.1,16,65.1,32.4,6.41,2.03574
Jajapur,Tobacco,Rabi,1,398.4,2.1,26.2,69.2,26.8,84.6,46.1,6.08,1.78305
Jharsuguda,Rice,Kharif,1,234.7,2,26.3,79.6,25,71.5,35.3,6.04,2.02811
Jharsuguda,Moong(Green Gram),Kharif,1,77.4,0.6,26.7,64.9,12.4,59.3,28.9,6.59,0.77221
Jharsuguda,Ragi,Kharif,1,109.8,0.5,24.8,62.6,14.2,53.3,27.4,5.98,1.23422
Jharsuguda,Rapeseed &Mustard,Rabi,1,139.4,0.8,18.3,60.6,16.3,72.4,29.4,6.51,1.35514
Jharsuguda,Horse-gram,Kharif,1,75.1,0.4,29.1,58.9,12,54.4,26.4,6.18,1.1025
Jharsuguda,Groundnut,Kharif,1,145.4,1.1,30.4,70.1,15.2,75.5,37,6.36,1.59042
Jharsuguda,Arhar/Tur,Kharif,1,108.7,0.7,28.3,64,13.8,66.1,30.5,6.57,1.33842
Jharsuguda,Gram,Rabi,1,115.9,0.6,20.2,55.5,13.3,77.2,26.5,6.92,1.53049
Jharsuguda,Maize,Kharif,1,287.4,1.5,27.2,66.7,28.1,76.5,38.9,6.67,1.81395
Jharsuguda,Sesamum,Kharif,1,90.4,0.5,29.9,53.5,14.1,59.5,30,6.67,1.13769
Jharsuguda,Turmeric,Whole Year,1,251.6,1,27,74.6,18.8,74.2,40.2,5.98,2.07657
Jharsuguda,Dry chillies,Kharif,1,189.3,1.7,26.9,61.9,20.1,71.8,34,6.32,1.59081
Jharsuguda,Niger seed,Kharif,1,89.5,0.5,28.1,57.6,13.6,58.6,28.5,6.54,1.13237
Jharsuguda,Urad,Kharif,1,86.4,0.6,27.3,61,12.6,59.4,28.6,6.49,0.80014
Jharsuguda,Coriander,Rabi,1,70.2,0.3,19.4,57.5,11.2,60.8,25.4,6.61,1.18832
Jharsuguda,Onion,Rabi,1,410.2,1.9,20.6,67.5,23,85,42.2,6.36,6.30824
Jharsuguda,Cotton(lint),Kharif,1,225.8,2.5,26.2,66.2,19.9,72.6,35.7,6.42,2.26739
Jharsuguda,Jowar,Kharif,1,154.7,0.8,26.9,57,16.6,71.2,29.1,6.42,1.53888
Jharsuguda,Wheat,Rabi,1,226.5,1.2,18.6,59.2,23.8,79.2,32.7,7.08,1.89134
Jharsuguda,Other  Rabi pulses,Rabi,1,98.6,0.6,18.1,55.9,13.1,72.6,27.8,6.67,1.41079
Jharsuguda,Castor seed,Kharif,1,154,0.8,27,57.4,16.3,57.6,31.5,6.47,1.518
Jharsuguda,Sweet potato,Kharif,1,222.9,0.6,25.9,72,15.1,69,40.6,6,6.31575
Jharsuguda,Sugarcane,Whole Year,1,477.7,2.4,28.3,75.6,31.9,83.6,53,6.46,34.45077
Jharsuguda,Small millets,Kharif,1,101.2,0.4,26.5,52.9,15.2,60.2,27.5,6.09,1.34337
Jharsuguda,Jute,Kharif,1,208,0.8,26.8,77.9,19,70.7,37.1,6.68,2.9919
Jharsuguda,Other Kharif pulses,Kharif,1,95.1,0.6,26.7,64,13.3,64.9,29.4,6.49,1.42515
Jharsuguda,Potato,Rabi,1,564.8,2.1,17.6,66.7,24.2,97.4,50.9,6.53,5.85012
Jharsuguda,Linseed,Rabi,1,87.6,0.4,18.9,56.7,12.7,59.9,26.7,6.5,1.43477
Jharsuguda,Sannhamp,Kharif,1,29.8,0.1,29,66.6,8.6,45.7,18.8,6.36,1.61958
Jharsuguda,Safflower,Rabi,1,90,0.4,20,56.6,11.9,57.5,26.7,6.86,1.52298
Jharsuguda,Ginger,Whole Year,1,303.1,1,25.7,77.9,21,78.9,42,6.09,2.79106
Jharsuguda,Garlic,Rabi,1,302.1,1,17.4,69.3,20.7,78.8,41.2,6.51,2.13124
Jharsuguda,Cowpea(Lobia),Kharif,1,85.2,0.6,29,61.8,12.7,58.4,30.4,6.68,1.5634
Jharsuguda,Masoor,Rabi,1,89.7,0.5,18.8,54.6,12.5,71.8,26.8,6.91,1.54049
Jharsuguda,Peas & beans (Pulses),Rabi,1,99.1,0.6,18.4,56.3,13.3,68.5,27.1,6.88,1.54426
Jharsuguda,Bajra,Kharif,1,119.2,0.6,28.5,52.8,14.5,59.1,28.8,6.41,1.66784
Jharsuguda,Sunflower,Kharif,1,173,0.8,28.4,56.8,15.8,64,32.9,6.35,1.66265
Jharsuguda,Mesta,Kharif,1,161.5,0.6,28.2,73.3,16,66.2,33.5,6.49,2.00965
Jharsuguda,Tobacco,Rabi,1,414.9,2,25.8,72.8,26.1,83.6,47.3,5.83,1.78866
Kalahandi,Rice,Kharif,1,242.5,1.9,28.2,78.1,25.6,70.3,34.7,6.24,2.04264
Kalahandi,Moong(Green Gram),Kharif,1,73.5,0.6,27.2,65.9,12.2,57.7,29,6.33,0.7545
Kalahandi,Ragi,Kharif,1,109.5,0.5,23.2,60.8,14.4,53.8,26,6.08,1.15581
Kalahandi,Rapeseed &Mustard,Rabi,1,142.8,0.8,18,59.6,17.3,68.9,29.1,6.52,1.36726
Kalahandi,Horse-gram,Kharif,1,75.7,0.4,28.2,62.6,12.6,52.8,26.9,6.25,1.09833
Kalahandi,Groundnut,Kharif,1,149.1,1.3,28.7,69.7,14.6,75.6,38.2,6.32,1.67796
Kalahandi,Arhar/Tur,Kharif,1,109.3,0.7,28.4,64.1,13.3,62.8,31.9,6.36,1.30217
Kalahandi,Gram,Rabi,1,120.7,0.6,19.1,55.2,13.6,79.7,26,6.98,1.52928
Kalahandi,Maize,Kharif,1,282.4,1.5,24.8,62.5,26.7,73.9,38.2,6.57,2.02962
Kalahandi,Sesamum,Kharif,1,90.2,0.5,28.6,53,14.1,59.7,29.4,6.32,1.14502
Kalahandi,Turmeric,Whole Year,1,246.9,1,25.5,77.2,18.8,76.5,41,6.13,2.34138
Kalahandi,Dry chillies,Kharif,1,188.7,1.7,28.9,59.6,21.6,71.5,36,6.13,1.83237
Kalahandi,Niger seed,Kharif,1,90.5,0.5,28.8,56.5,13.4,58.8,28.1,6.36,1.15086
Kalahandi,Urad,Kharif,1,85.6,0.6,29.2,57.2,12.1,59.3,28.5,6.61,0.82841
Kalahandi,Coriander,Rabi,1,68,0.3,19.2,55.8,11.5,60,24.5,6.61,1.17026
Kalahandi,Onion,Rabi,1,413.2,2,19.8,67.8,24,84.7,39.9,6.5,6.22257
Kalahandi,Cotton(lint),Kharif,1,237.4,2.5,25.7,63.3,21.8,70,36.1,6.44,2.33926
Kalahandi,Jowar,Kharif,1,150.9,0.8,28.4,58.7,16.4,72.5,29.9,6.69,1.70268
Kalahandi,Wheat,Rabi,1,228.7,1.1,18.3,58.7,22.2,78.4,32.4,7.1,1.98415
Kalahandi,Other  Rabi pulses,Rabi,1,100.9,0.6,18.5,54.9,12.9,68.8,27.6,6.54,1.37818
Kalahandi,Castor seed,Kharif,1,149.2,0.8,28.8,59,15.6,59,32.6,6.45,1.6851
Kalahandi,Sweet potato,Kharif,1,218,0.6,25.1,73,15.6,69.7,41.5,6.09,6.34439
Kalahandi,Sugarcane,Whole Year,1,480.4,2.4,28.5,71.7,30.2,85.7,52.4,6.37,34.19771
Kalahandi,Small millets,Kharif,1,100.9,0.4,26.4,55.6,14.3,58.5,28.6,5.83,1.38165
Kalahandi,Jute,Kharif,1,206.9,0.8,28.9,73.3,18.8,71.4,37.6,6.43,3.0302
Kalahandi,Other Kharif pulses,Kharif,1,96.9,0.6,28.2,61.8,14,64.2,29.8,6.61,1.45884
Kalahandi,Potato,Rabi,1,541.5,2.1,18.6,69.7,26.2,95.9,52.6,6.59,5.83025
Kalahandi,Linseed,Rabi,1,89.6,0.4,17.3,54.9,12.8,59.8,25.6,6.6,1.43954
Kalahandi,Sannhamp,Kharif,1,29.8,0.1,27.7,72,8.3,47.5,18.7,6.64,1.5509
Kalahandi,Safflower,Rabi,1,89.4,0.4,19.9,53.7,12.8,59.3,26.9,7.12,1.48923
Kalahandi,Ginger,Whole Year,1,300.1,1,26.1,81.4,21,77.5,41.6,6.05,2.85147
Kalahandi,Garlic,Rabi,1,297.2,1,18.4,67.9,21.1,79.4,40,6.49,2.20249
Kalahandi,Cowpea(Lobia),Kharif,1,87.7,0.6,28.7,63.2,12.7,57.5,30.3,6.41,1.54935
Kalahandi,Masoor,Rabi,1,88.3,0.5,17.3,56.2,12,68.3,26.1,7.05,1.50674
Kalahandi,Peas & beans (Pulses),Rabi,1,103.6,0.6,17.2,57.2,13.1,71.4,27.8,6.72,1.50669
Kalahandi,Bajra,Kharif,1,120.2,0.6,30,57.1,15,60.6,30.2,6.69,1.6537
Kalahandi,Sunflower,Kharif,1,177.5,0.8,28.4,53.9,16,63.1,31.5,6.68,1.8611
Kalahandi,Mesta,Kharif,1,159.6,0.6,27.5,70.7,15.2,64.1,32.7,6.42,2.01106
Kalahandi,Tobacco,Rabi,1,391.1,2,26,73.3,27.2,83.5,45.8,5.98,1.92873
Kandhamal,Rice,Kharif,1,238.5,2,28.3,82.7,27.1,69.8,34.9,6.1,2.06432
Kandhamal,Moong(Green Gram),Kharif,1,72.6,0.6,27.1,65.4,12.8,59.9,29.7,6.45,0.76414
Kandhamal,Ragi,Kharif,1,108.6,0.5,23.8,60,14.9,53.8,25.9,5.8,1.23356
Kandhamal,Rapeseed &Mustard,Rabi,1,142.6,0.8,18,58.7,16.2,70.7,28.8,6.36,1.35913
Kandhamal,Horse-gram,Kharif,1,76.1,0.4,28.6,62.4,13.1,52.8,26.1,6.16,1.0815
Kandhamal,Groundnut,Kharif,1,148.3,1.1,30.4,70.6,14.2,76.1,37.7,6.31,1.60312
Kandhamal,Arhar/Tur,Kharif,1,110.6,0.7,28,63,13.3,66.5,31.5,6.66,1.34229
Kandhamal,Gram,Rabi,1,118.6,0.6,19.7,53.8,13.2,77.3,26.8,6.84,1.53241
Kandhamal,Maize,Kharif,1,286.3,1.5,25.5,67,26.8,76.8,39.2,6.36,1.97397
Kandhamal,Sesamum,Kharif,1,88.2,0.5,31.1,57.7,14.2,60.1,29,6.34,1.12701
Kandhamal,Turmeric,Whole Year,1,250.3,1,26.5,76.9,18.4,76.1,40.7,6.02,2.13936
Kandhamal,Dry chillies,Kharif,1,189.9,1.8,28.2,59.8,20.7,69.3,35.2,6.38,1.74232
Kandhamal,Niger seed,Kharif,1,91.4,0.5,27.8,55,13.1,59.2,28.8,6.41,1.12322
Kandhamal,Urad,Kharif,1,85.6,0.6,28.2,62.2,12.8,57.8,29.6,6.35,0.82718
Kandhamal,Coriander,Rabi,1,70.9,0.3,19.1,54,11.6,58.2,25.3,6.41,1.17581
Kandhamal,Onion,Rabi,1,409.7,2,20.1,67.8,23,84.5,39.7,6.34,6.32175
Kandhamal,Cotton(lint),Kharif,1,235.7,2.6,27.5,63.7,20.7,71.5,34.2,6.53,2.29853
Kandhamal,Jowar,Kharif,1,150.5,0.8,28,59,17.1,68.2,29.5,6.39,1.69781
Kandhamal,Wheat,Rabi,1,229.3,1.2,18,60.2,23.9,78.1,33.4,6.98,1.91808
Kandhamal,Other  Rabi pulses,Rabi,1,101.3,0.6,17.7,54.2,14.1,70.3,27.4,6.61,1.40579
Kandhamal,Castor seed,Kharif,1,146.9,0.8,27.2,62.1,16.4,58.5,32.7,6.35,1.53607
Kandhamal,Sweet potato,Kharif,1,221.7,0.6,26.7,71.8,16.3,68.6,41.4,6.01,6.36679
Kandhamal,Sugarcane,Whole Year,1,463.3,2.4,28.5,76.9,31.4,84.8,53,6.66,34.43057
Kandhamal,Small millets,Kharif,1,97.1,0.4,27.1,57.5,15.2,58,28.7,6.09,1.35834
Kandhamal,Jute,Kharif,1,195,0.8,26.6,72.9,18.1,72.4,39.7,6.51,2.94396
Kandhamal,Other Kharif pulses,Kharif,1,94.1,0.6,28.6,64.1,13.4,64.8,30.3,6.37,1.4561
Kandhamal,Potato,Rabi,1,538.9,1.9,17.3,73.4,26.2,97.4,52.8,6.6,5.98446
Kandhamal,Linseed,Rabi,1,89.4,0.4,17.3,53.8,11.9,59.3,25.8,6.48,1.43437
Kandhamal,Sannhamp,Kharif,1,30.3,0.1,26.8,72.4,8.7,44.5,19.1,6.7,1.48462
Kandhamal,Safflower,Rabi,1,88.6,0.4,19.2,53,12.6,59.1,27.2,7.17,1.52093
Kandhamal,Ginger,Whole Year,1,308.8,1,25.2,83.9,21.6,78.3,40.2,5.91,2.8997
Kandhamal,Garlic,Rabi,1,300.4,1,18.3,69.3,20,77.4,41,6.49,2.15707
Kandhamal,Cowpea(Lobia),Kharif,1,84,0.6,28,65.8,12.2,58.1,29.9,6.33,1.5664
Kandhamal,Masoor,Rabi,1,92,0.5,17.4,55.7,12.9,70.8,26.9,7.11,1.5481
Kandhamal,Peas & beans (Pulses),Rabi,1,100.2,0.6,17.6,54.1,13.1,72,28.7,6.61,1.54532
Kandhamal,Bajra,Kharif,1,120.4,0.6,29.6,54.8,15.1,59.1,28.6,6.42,1.65497
Kandhamal,Sunflower,Kharif,1,178.3,0.8,28,52.9,15.9,63.5,31.5,6.53,1.75733
Kandhamal,Mesta,Kharif,1,161.3,0.6,28,73.3,15.4,63.8,31.8,6.43,2.02678
Kandhamal,Tobacco,Rabi,1,394.3,2,26.6,66.7,26.4,84.9,48.8,5.94,1.81406
Kendrapara,Rice,Kharif,1,238.1,1.9,27.4,80.7,25.5,71.5,34,6.14,1.9816
Kendrapara,Moong(Green Gram),Kharif,1,73.4,0.6,28.2,67.6,12.7,59.8,28.5,6.69,0.82187
Kendrapara,Ragi,Kharif,1,109.3,0.5,23,61.1,14,52.8,26.3,5.94,1.23315
Kendrapara,Rapeseed &Mustard,Rabi,1,139.9,0.8,18.6,61.7,16.7,72.3,29.8,6.32,1.38172
Kendrapara,Horse-gram,Kharif,1,75.3,0.4,26.9,62.1,12.3,52.3,27.2,6.32,1.0532
Kendrapara,Groundnut,Kharif,1,150,1.2,29.4,72.1,14.3,75.9,37.4,6.46,1.57015
Kendrapara,Arhar/Tur,Kharif,1,111.3,0.7,26.7,66.3,13,63.4,31.4,6.68,1.21992
Kendrapara,Gram,Rabi,1,121.8,0.6,20.2,56.5,13.7,78.2,26.6,7.01,1.54857
Kendrapara,Maize,Kharif,1,273.6,1.5,25.5,64.6,27,75.7,38.7,6.38,1.97231
Kendrapara,Sesamum,Kharif,1,91.1,0.5,30.3,54.5,13.2,58.2,29.9,6.63,1.1316
Kendrapara,Turmeric,Whole Year,1,249.3,1,24.8,72.4,19.4,74,41,6.06,2.03648
Kendrapara,Dry chillies,Kharif,1,192,1.8,26.7,62.2,21.3,68.5,35.5,6.36,1.69024
Kendrapara,Niger seed,Kharif,1,89.8,0.5,29.2,56.2,12.9,59.2,28,6.67,1.13227
Kendrapara,Urad,Kharif,1,87.4,0.6,27.3,62.3,12.6,57.8,29.1,6.43,0.79179
Kendrapara,Coriander,Rabi,1,70.4,0.3,19.8,53,11.5,57.7,24.3,6.4,1.17
Kendrapara,Onion,Rabi,1,409.6,2.1,19.6,64.5,23.1,82.7,41.2,6.67,6.2533
Kendrapara,Cotton(lint),Kharif,1,232.3,2.4,28.3,65.7,21.5,70.2,35.3,6.58,2.41365
Kendrapara,Jowar,Kharif,1,151.2,0.8,29.3,59.2,16.6,68.4,29.3,6.64,1.69451
Kendrapara,Wheat,Rabi,1,230.7,1.3,17.6,57.5,23.6,79,32.1,7.16,1.92466
Kendrapara,Other  Rabi pulses,Rabi,1,102.8,0.6,17.8,52.4,14,71.6,28.1,6.49,1.38583
Kendrapara,Castor seed,Kharif,1,151.8,0.8,28.9,61.9,14.9,58.5,31.3,6.54,1.68702
Kendrapara,Sweet potato,Kharif,1,222.3,0.6,24.8,71,16.4,72.4,39.8,5.96,6.18053
Kendrapara,Sugarcane,Whole Year,1,472.7,2.4,28,78.5,32.6,82.5,51.5,6.57,34.42691
Kendrapara,Small millets,Kharif,1,100.6,0.4,25.4,56,15,60,28.9,5.97,1.39528
Kendrapara,Jute,Kharif,1,202.6,0.8,27.2,78.4,19,70.1,39.7,6.66,2.98333
Kendrapara,Other Kharif pulses,Kharif,1,95.9,0.6,27.7,64.5,13.4,66.2,30.2,6.68,1.39873
Kendrapara,Potato,Rabi,1,544.1,2.1,17.9,71.2,24.7,96.3,52.2,6.64,5.92433
Kendrapara,Linseed,Rabi,1,90.2,0.4,18.6,55.6,12.6,59.7,26.2,6.47,1.43793
Kendrapara,Sannhamp,Kharif,1,29.3,0.1,28.3,72.9,8.1,45.7,18.2,6.3,1.55843
Kendrapara,Safflower,Rabi,1,89,0.4,20.4,56.1,12.8,58.2,25.6,6.82,1.52284
Kendrapara,Ginger,Whole Year,1,301.3,1,26.1,83.7,19.8,77.8,41.7,5.9,2.77091
Kendrapara,Garlic,Rabi,1,298.9,1,18.8,70.4,20.9,78.5,42.2,6.67,2.14963
Kendrapara,Cowpea(Lobia),Kharif,1,84.3,0.6,27,62.5,12.2,58.5,29,6.63,1.50384
Kendrapara,Masoor,Rabi,1,91.8,0.5,18.2,56.4,13,71.5,25.8,6.93,1.55048
Kendrapara,Peas & beans (Pulses),Rabi,1,101.6,0.6,18.3,56.6,14,70.1,28.5,6.61,1.53935
Kendrapara,Bajra,Kharif,1,119.1,0.6,31.3,52.5,15.1,57.4,28.8,6.5,1.65813
Kendrapara,Sunflower,Kharif,1,180.6,0.8,29,53.2,15,63,32.6,6.66,1.73594
Kendrapara,Mesta,Kharif,1,163.6,0.6,28.2,69.4,15.9,63,32.9,6.65,2.02911
Kendrapara,Tobacco,Rabi,1,396.8,2,26.2,73.2,26.8,83.2,46,6.13,1.85396
Keonjhar,Rice,Kharif,1,244.3,2,25.7,83.8,27,68.4,35.3,6.29,2.05418
Keonjhar,Moong(Green Gram),Kharif,1,77.1,0.6,26.7,65.9,12.2,60.1,29.9,6.68,0.77054
Keonjhar,Ragi,Kharif,1,108.1,0.5,24.9,57.5,14.3,53.6,26.8,5.91,1.23982
Keonjhar,Rapeseed &Mustard,Rabi,1,140.6,0.8,17.9,61.8,16.4,69.5,28.7,6.57,1.36987
Keonjhar,Horse-gram,Kharif,1,75.8,0.4,27.9,60.4,12.7,52.6,26.1,6.25,1.0825
Keonjhar,Groundnut,Kharif,1,146.6,1.2,29.9,68.1,13.9,76.7,39.4,6.55,1.55755
Keonjhar,Arhar/Tur,Kharif,1,109,0.7,27.9,62.7,14.1,65.2,30.7,6.51,1.31686
Keonjhar,Gram,Rabi,1,115.4,0.6,19.2,54.6,13.5,79.8,27.2,6.9,1.50426
Keonjhar,Maize,Kharif,1,273.6,1.4,26.4,62.9,27.6,76.3,37.7,6.65,1.85092
Keonjhar,Sesamum,Kharif,1,89.6,0.5,30.4,53.7,13.4,57.8,29.2,6.37,1.12245
Keonjhar,Turmeric,Whole Year,1,256.7,1,26.1,71.3,19.2,75.5,42.3,6.08,1.94203
Keonjhar,Dry chillies,Kharif,1,195.9,1.8,28.3,62.8,20.4,71.4,36.1,6.16,1.89865
Keonjhar,Niger seed,Kharif,1,86.8,0.5,26.6,57.6,14.1,59.3,28.8,6.56,1.10582
Keonjhar,Urad,Kharif,1,86.1,0.6,27.4,59.8,12.6,57.8,28.9,6.36,0.79255
Keonjhar,Coriander,Rabi,1,71.7,0.3,20.2,53.4,11.1,59.5,25.7,6.3,1.16627
Keonjhar,Onion,Rabi,1,421.2,2.1,20.5,65.6,23.7,82.7,41.9,6.49,6.30782
Keonjhar,Cotton(lint),Kharif,1,232.9,2.6,27,66.4,20.2,69.4,35.8,6.33,2.27673
Keonjhar,Jowar,Kharif,1,152.4,0.8,29.2,59.1,16.8,72.2,28.8,6.38,1.69751
Keonjhar,Wheat,Rabi,1,225.1,1.2,17.7,60.6,23.5,79,32.5,6.92,1.92514
Keonjhar,Other  Rabi pulses,Rabi,1,103.4,0.6,18.4,56.6,13.5,72.2,27.6,6.41,1.39491
Keonjhar,Castor seed,Kharif,1,149.8,0.8,28.3,57.6,16.3,57.4,33.4,6.38,1.64555
Keonjhar,Sweet potato,Kharif,1,220,0.6,25.1,72.3,16.3,68.8,42.8,5.97,6.26555
Keonjhar,Sugarcane,Whole Year,1,473.9,2.4,27.6,73.9,31.2,83.2,52.1,6.36,34.72687
Keonjhar,Small millets,Kharif,1,101.3,0.4,27.1,54.7,14.2,60.5,28,5.84,1.39608
Keonjhar,Jute,Kharif,1,205.6,0.8,26.7,72,19.3,69.9,38.3,6.36,2.93484
Keonjhar,Other Kharif pulses,Kharif,1,94.2,0.6,26.9,66,13.4,63.9,29.4,6.48,1.37761
Keonjhar,Potato,Rabi,1,545.3,2.1,17.7,70,25,93.6,53.1,6.44,5.91366
Keonjhar,Linseed,Rabi,1,90.3,0.4,17.5,56.7,12.5,60.2,27.2,6.64,1.45902
Keonjhar,Sannhamp,Kharif,1,29.7,0.1,26.6,72.1,8.2,45,18.3,6.69,1.48658
Keonjhar,Safflower,Rabi,1,88.5,0.4,20.3,57.2,12.2,57.8,26,7.06,1.52304
Keonjhar,Ginger,Whole Year,1,297.8,1,25.1,78.4,21.7,78.6,40.9,5.91,2.92934
Keonjhar,Garlic,Rabi,1,305.2,1,17.5,70.3,20.1,77.9,40.8,6.66,2.14652
Keonjhar,Cowpea(Lobia),Kharif,1,84.5,0.6,26.7,63.9,12.9,59.1,29.7,6.7,1.46778
Keonjhar,Masoor,Rabi,1,88,0.5,18.5,53.1,12.7,69.3,27,6.9,1.54055
Keonjhar,Peas & beans (Pulses),Rabi,1,103.2,0.6,17.2,54.3,14.2,71.1,27.9,6.86,1.54051
Keonjhar,Bajra,Kharif,1,118.4,0.6,31.4,56.7,14.1,60.1,28.7,6.55,1.63465
Keonjhar,Sunflower,Kharif,1,179.4,0.8,28.8,56.2,16,64.8,33.3,6.4,1.73301
Keonjhar,Mesta,Kharif,1,161.2,0.6,26.9,71.5,15.7,65.3,31.3,6.66,1.92656
Keonjhar,Tobacco,Rabi,1,397.1,2,26.2,70.1,25.8,85.3,48.8,5.97,1.80246
Khordha,Rice,Kharif,1,241.3,2.1,27.9,77.2,26.5,71.7,35.1,6.28,2.05059
Khordha,Moong(Green Gram),Kharif,1,73.9,0.6,28.7,67.9,12.9,58.2,29.8,6.46,0.81659
Khordha,Ragi,Kharif,1,106.9,0.5,23.7,62.9,13.9,53.4,26.2,5.86,1.22489
Khordha,Rapeseed &Mustard,Rabi,1,140.3,0.8,17.5,61.9,16.9,71.2,29.6,6.65,1.36774
Khordha,Horse-gram,Kharif,1,75.2,0.4,28.8,59.9,12.5,53.4,25.6,6.2,1.08884
Khordha,Groundnut,Kharif,1,149.3,1.2,29.5,72.1,14.7,73.6,38.3,6.46,1.56276
Khordha,Arhar/Tur,Kharif,1,113.5,0.7,28.4,67.4,13.2,66.7,29.8,6.58,1.33378
Khordha,Gram,Rabi,1,118.1,0.6,20.2,55.4,14,78.9,27,6.99,1.52525
Khordha,Maize,Kharif,1,286.6,1.5,24.7,66.9,28.2,74.1,37,6.48,1.95561
Khordha,Sesamum,Kharif,1,90.9,0.5,31.1,52.4,13.1,58.1,29.5,6.43,1.12232
Khordha,Turmeric,Whole Year,1,241.7,1,25.1,73.2,19.3,75,40.8,5.87,2.05418
Khordha,Dry chillies,Kharif,1,187.2,1.7,27.7,58.9,20.6,70,35.5,6.33,1.65325
Khordha,Niger seed,Kharif,1,88.8,0.5,28,56.4,14.2,58.2,28.3,6.49,1.12365
Khordha,Urad,Kharif,1,84.5,0.6,29.1,58.6,12.9,59.7,30.1,6.52,0.82029
Khordha,Coriander,Rabi,1,69.8,0.3,20.3,53.4,11.8,57.7,24.7,6.61,1.18094
Khordha,Onion,Rabi,1,416.3,2,19,64.8,23,82.6,39.6,6.3,6.2861
Khordha,Cotton(lint),Kharif,1,235,2.6,26.7,64,20.1,70.5,35.1,6.32,2.28656
Khordha,Jowar,Kharif,1,151.2,0.8,26.9,57.8,17.1,70.8,30.1,6.54,1.52827
Khordha,Wheat,Rabi,1,235.3,1.2,17.6,61.5,22,78.5,31.3,6.94,1.90019
Khordha,Other  Rabi pulses,Rabi,1,98.8,0.6,18.3,52.3,13.1,72.2,28.7,6.47,1.38587
Khordha,Castor seed,Kharif,1,154.6,0.8,28.8,60.9,15.6,57.5,31.4,6.57,1.65829
Khordha,Sweet potato,Kharif,1,224.2,0.6,25.6,67.7,16.3,72.3,41.4,5.99,6.04083
Khordha,Sugarcane,Whole Year,1,482.7,2.4,27.4,78.2,29.8,85.6,51.3,6.42,34.69893
Khordha,Small millets,Kharif,1,100.1,0.4,25.4,57.2,15.3,59.4,28.4,6.13,1.34902
Khordha,Jute,Kharif,1,201.3,0.8,28.1,76.2,19.1,70,37,6.33,3.0419
Khordha,Other Kharif pulses,Kharif,1,91.7,0.6,27.2,65.2,13.1,63.8,30.1,6.7,1.39712
Khordha,Potato,Rabi,1,547.7,2,17.9,73.1,24.7,97.3,51.3,6.68,5.97337
Khordha,Linseed,Rabi,1,90.6,0.4,17.9,54.2,12.8,57.8,27.3,6.41,1.44276
Khordha,Sannhamp,Kharif,1,29.3,0.1,26.8,70.5,8.5,45.5,19,6.47,1.47125
Khordha,Safflower,Rabi,1,86.9,0.4,20.3,52.8,11.9,58.9,27.1,7.05,1.51486
Khordha,Ginger,Whole Year,1,291.8,1,24.6,76.4,20.5,79.1,42.6,6.11,2.8964
Khordha,Garlic,Rabi,1,304.5,1,17.3,66.9,20.6,79.2,39.7,6.33,2.13876
Khordha,Cowpea(Lobia),Kharif,1,85.2,0.6,28.4,62.2,12.2,60.8,29.4,6.45,1.55437
Khordha,Masoor,Rabi,1,89.3,0.5,18.3,52.3,12.3,72.5,26.4,7.05,1.53232
Khordha,Peas & beans (Pulses),Rabi,1,102.1,0.6,17.7,53.3,13.8,71.1,27.1,6.92,1.53227
Khordha,Bajra,Kharif,1,119.2,0.6,29.8,56.2,14.8,60.1,29.9,6.32,1.67496
Khordha,Sunflower,Kharif,1,182.3,0.8,27.5,57.1,15,63.4,32.9,6.44,1.65489
Khordha,Mesta,Kharif,1,157.7,0.6,26.8,70,15.8,65.7,31.9,6.38,1.95675
Khordha,Tobacco,Rabi,1,403.1,2,26.4,71.4,26,82.4,46.3,6.03,1.82467
Koraput,Rice,Kharif,1,246.7,1.9,26.9,82.3,25.7,69.4,34.3,6.09,2.0065
Koraput,Moong(Green Gram),Kharif,1,74.2,0.6,29.3,63.9,12.1,58.9,29.5,6.7,0.81264
Koraput,Ragi,Kharif,1,106.6,0.5,23.5,58.2,14.4,52,26.2,5.81,1.21848
Koraput,Rapeseed &Mustard,Rabi,1,138.4,0.8,17.7,60.3,16,70.9,29,6.66,1.35608
Koraput,Horse-gram,Kharif,1,73.9,0.4,26.9,62.6,12.4,52.8,26.3,6.26,1.03651
Koraput,Groundnut,Kharif,1,157.2,1.2,31.1,67,14,76.6,39.4,6.38,1.59053
Koraput,Arhar/Tur,Kharif,1,109.5,0.7,27.3,62.1,14.2,65.1,30.1,6.62,1.23818
Koraput,Gram,Rabi,1,117.7,0.6,20.7,57.6,13.4,77.4,26.1,6.99,1.50658
Koraput,Maize,Kharif,1,280.1,1.5,26.4,65.1,27.1,73.9,38,6.45,1.84629
Koraput,Sesamum,Kharif,1,91.2,0.5,29.7,57.3,13.4,59.1,28.5,6.38,1.11855
Koraput,Turmeric,Whole Year,1,251.2,1,26.2,78.3,18.3,74.9,41.6,5.83,2.08236
Koraput,Dry chillies,Kharif,1,189.4,1.8,28.3,59.6,21,69.1,34.2,6.13,1.73549
Koraput,Niger seed,Kharif,1,87.8,0.5,27.6,52.7,13.3,60.6,27.6,6.61,1.09676
Koraput,Urad,Kharif,1,83.6,0.6,27.2,58.2,12.6,60.1,29.1,6.57,0.77524
Koraput,Coriander,Rabi,1,71.1,0.3,20.5,56.3,11.3,60.1,25.6,6.63,1.1802
Koraput,Onion,Rabi,1,412.9,2,20.3,64.8,24,82.8,40.6,6.46,6.2979
Koraput,Cotton(lint),Kharif,1,228.3,2.5,27.8,66.7,21.8,69.1,34.8,6.43,2.36131
Koraput,Jowar,Kharif,1,149.7,0.8,27.9,60.4,17.4,72.6,29,6.68,1.6738
Koraput,Wheat,Rabi,1,227.7,1.2,17.9,61.1,23.4,78.4,32.5,6.93,1.90851
Koraput,Other  Rabi pulses,Rabi,1,101,0.6,18.8,54.1,13.2,69.9,28.5,6.65,1.39354
Koraput,Castor seed,Kharif,1,151.3,0.8,27.1,57.7,15.5,57.7,32.5,6.34,1.53019
Koraput,Sweet potato,Kharif,1,212.2,0.6,26,67.8,15.8,70.7,41.8,5.89,6.02039
Koraput,Sugarcane,Whole Year,1,470.9,2.5,27.1,77.7,31.4,85.6,51.7,6.51,34.61533
Koraput,Small millets,Kharif,1,100,0.4,25,53.4,14.9,58.9,27.5,6.04,1.39531
Koraput,Jute,Kharif,1,203.8,0.8,27.4,71.3,19.1,71.9,39.1,6.62,2.82889
Koraput,Other Kharif pulses,Kharif,1,97.6,0.6,28.2,66.5,13.4,64.8,29.7,6.58,1.45663
Koraput,Potato,Rabi,1,554.2,2.1,17.4,68.2,24.4,96.2,52.4,6.66,5.85521
Koraput,Linseed,Rabi,1,89,0.4,17.5,57,12.9,57.6,27.3,6.67,1.44039
Koraput,Sannhamp,Kharif,1,30.1,0.1,29.4,70.4,8.3,45,18.2,6.61,1.53561
Koraput,Safflower,Rabi,1,88.7,0.4,19.9,52.7,13,59.8,26.5,7.1,1.50607
Koraput,Ginger,Whole Year,1,297.8,1,26,78.6,21.4,78,42.5,6.02,2.71464
Koraput,Garlic,Rabi,1,295.3,1,18.6,67.7,20.9,78.8,39.8,6.51,2.13518
Koraput,Cowpea(Lobia),Kharif,1,84.2,0.6,27,64.1,12.8,59.7,29.1,6.39,1.47995
Koraput,Masoor,Rabi,1,92.6,0.5,18.4,57.2,12.7,68.4,27.3,6.8,1.53586
Koraput,Peas & beans (Pulses),Rabi,1,103.2,0.6,17.5,52.8,13.8,70,28.4,6.68,1.52477
Koraput,Bajra,Kharif,1,121.5,0.6,31,53.2,15.3,58.9,28.4,6.43,1.67732
Koraput,Sunflower,Kharif,1,176.9,0.8,29.2,52.9,15.2,64.8,32.4,6.46,1.72116
Koraput,Mesta,Kharif,1,158.3,0.6,28.9,71,15.8,65.1,32.2,6.42,2.07132
Koraput,Tobacco,Rabi,1,399.1,2,27.3,72.5,26.8,85,47.4,6.19,1.82159
Malkangiri,Rice,Kharif,1,246,2,26.5,81.1,26,69.8,34,6.19,2.00469
Malkangiri,Moong(Green Gram),Kharif,1,75.2,0.6,28.4,63.3,12,58.8,30.4,6.55,0.83533
Malkangiri,Ragi,Kharif,1,112.1,0.5,24.3,57.4,14,54.7,25.8,5.88,1.2317
Malkangiri,Rapeseed &Mustard,Rabi,1,139.3,0.8,18.4,59,16.4,70.2,28.8,6.51,1.37517
Malkangiri,Horse-gram,Kharif,1,76.1,0.4,29,59,12.5,53.3,26.4,6.27,1.11244
Malkangiri,Groundnut,Kharif,1,151.6,1.2,29.6,68.8,14.9,75.1,37.6,6.33,1.60673
Malkangiri,Arhar/Tur,Kharif,1,108.2,0.7,26.9,65.6,14,63.3,31.6,6.33,1.22068
Malkangiri,Gram,Rabi,1,120.3,0.6,19.4,53.6,13.7,78.9,25.9,6.91,1.52036
Malkangiri,Maize,Kharif,1,284.8,1.5,25.1,64.6,28.4,74.8,37.3,6.63,1.95036
Malkangiri,Sesamum,Kharif,1,89.1,0.5,30.8,57.3,13.1,59.3,30.4,6.4,1.14172
Malkangiri,Turmeric,Whole Year,1,248.2,1,24.9,72.3,18.2,75.3,40.2,5.81,2.022
Malkangiri,Dry chillies,Kharif,1,191,1.9,29.2,62.8,21.1,70.1,34,6.24,1.78139
Malkangiri,Niger seed,Kharif,1,89.6,0.5,28.2,53.3,13.7,58.1,28.1,6.59,1.14167
Malkangiri,Urad,Kharif,1,85.6,0.6,28.4,62.6,12.4,59.8,28.8,6.63,0.80874
Malkangiri,Coriander,Rabi,1,71.2,0.3,19.5,54.8,11.8,60.1,23.9,6.68,1.19012
Malkangiri,Onion,Rabi,1,416.3,2,20.8,64.3,22,85.3,40.2,6.38,6.30418
Malkangiri,Cotton(lint),Kharif,1,228.8,2.5,28.3,66,20.5,70.2,34.7,6.65,2.40179
Malkangiri,Jowar,Kharif,1,150.5,0.8,27.6,57.9,17.3,70.6,29.7,6.42,1.59798
Malkangiri,Wheat,Rabi,1,235.2,1.1,18.4,60.1,23.1,78.8,32.6,6.95,1.89602
Malkangiri,Other  Rabi pulses,Rabi,1,98.4,0.6,17.9,56.7,13.3,72,28.2,6.6,1.41165
Malkangiri,Castor seed,Kharif,1,149.3,0.8,28.3,62.2,16.1,59.8,31.9,6.41,1.64955
Malkangiri,Sweet potato,Kharif,1,219.1,0.6,25,66.9,15.8,68.5,40,6.2,5.96778
Malkangiri,Sugarcane,Whole Year,1,462.2,2.5,29.4,77,30.1,83.4,50.9,6.47,34.43147
Malkangiri,Small millets,Kharif,1,102.2,0.4,27.1,55.9,14.9,59.1,27.8,5.93,1.39433
Malkangiri,Jute,Kharif,1,198.2,0.8,29.1,72.3,18.1,69.9,37.3,6.58,2.92881
Malkangiri,Other Kharif pulses,Kharif,1,95.8,0.6,27.9,64.4,13.7,65.6,29.7,6.63,1.47175
Malkangiri,Potato,Rabi,1,528.2,2.1,17.7,69.6,26.2,95.7,51.8,6.33,5.94248
Malkangiri,Linseed,Rabi,1,92.4,0.4,18.6,57.2,12.1,58.4,26.4,6.36,1.45068
Malkangiri,Sannhamp,Kharif,1,30.5,0.1,27,72.1,8,44.8,17.3,6.65,1.47309
Malkangiri,Safflower,Rabi,1,87.6,0.4,19.5,53.4,12,60.1,27.3,6.97,1.51995
Malkangiri,Ginger,Whole Year,1,305.7,1,25.7,77.8,20.8,78.4,41.8,5.85,2.80911
Malkangiri,Garlic,Rabi,1,298.5,1,18.3,72.6,20.7,79.4,41.1,6.56,2.1682
Malkangiri,Cowpea(Lobia),Kharif,1,86.1,0.6,28.4,65.4,12,57.5,30,6.35,1.58701
Malkangiri,Masoor,Rabi,1,88,0.5,18.4,52.9,12.2,69.4,26.5,7.03,1.53745
Malkangiri,Peas & beans (Pulses),Rabi,1,96.8,0.6,18.9,54,13.1,70.2,28.4,6.81,1.543
Malkangiri,Bajra,Kharif,1,119.3,0.6,29.9,53,15,59.2,28.6,6.48,1.66947
Malkangiri,Sunflower,Kharif,1,180.5,0.8,28.6,55.5,15,65.9,33.1,6.7,1.718
Malkangiri,Mesta,Kharif,1,163.1,0.6,28.6,69.1,15.4,66,31.3,6.38,2.08098
Malkangiri,Tobacco,Rabi,1,409.4,1.9,27,67.8,27.7,84.3,48.9,6.06,1.78543
Mayurbhanj,Rice,Kharif,1,247.6,2,27.5,83.9,25,71.9,36,6.11,1.99567
Mayurbhanj,Moong(Green Gram),Kharif,1,75.4,0.6,27,66.6,12.2,60.8,29.3,6.58,0.76939
Mayurbhanj,Ragi,Kharif,1,107.7,0.5,23.5,57.9,14.4,54.3,26.4,5.8,1.23726
Mayurbhanj,Rapeseed &Mustard,Rabi,1,142.4,0.8,17.4,62.7,17.5,71.7,28.9,6.34,1.38018
Mayurbhanj,Horse-gram,Kharif,1,74.3,0.4,28.4,60.6,12.9,53.6,26.2,6.01,1.13489
Mayurbhanj,Groundnut,Kharif,1,150.2,1.3,30.5,69.1,14.9,75.9,37.2,6.61,1.56937
Mayurbhanj,Arhar/Tur,Kharif,1,110.8,0.7,27.6,62.5,13.1,63.6,30.2,6.5,1.25056
Mayurbhanj,Gram,Rabi,1,119.2,0.6,20.5,56.6,12.9,78,26.1,6.97,1.53333
Mayurbhanj,Maize,Kharif,1,276.1,1.6,26.8,63,27.2,75.1,38.8,6.51,1.85897
Mayurbhanj,Sesamum,Kharif,1,91,0.5,30.6,56.6,13.3,58.3,30.1,6.66,1.12084
Mayurbhanj,Turmeric,Whole Year,1,244.1,1,26.8,72.2,19.7,76,39.9,6.02,1.96358
Mayurbhanj,Dry chillies,Kharif,1,193.4,1.8,27.6,60.3,21.8,71.7,36.4,6.12,1.80349
Mayurbhanj,Niger seed,Kharif,1,92.2,0.5,27.8,55.4,14.2,60.3,27.2,6.44,1.11958
Mayurbhanj,Urad,Kharif,1,83,0.6,27.3,58.1,13,58.2,29.9,6.54,0.79519
Mayurbhanj,Coriander,Rabi,1,68.3,0.3,19.1,53.7,11.8,60,25.3,6.33,1.18195
Mayurbhanj,Onion,Rabi,1,407.9,2,19.1,66.5,22.9,84.4,40.4,6.45,6.25342
Mayurbhanj,Cotton(lint),Kharif,1,234,2.5,26.1,68.2,20.7,70.2,35.6,6.33,2.26944
Mayurbhanj,Jowar,Kharif,1,146,0.8,28.4,59.2,17.3,68.6,29.4,6.39,1.70012
Mayurbhanj,Wheat,Rabi,1,225.7,1.2,17.3,62.6,22.4,79.7,32,7.13,1.87936
Mayurbhanj,Other  Rabi pulses,Rabi,1,100.7,0.6,18.1,55.6,14.2,69.7,27,6.46,1.4005
Mayurbhanj,Castor seed,Kharif,1,152.6,0.8,28.3,62.1,16.1,59.9,32.9,6.51,1.64472
Mayurbhanj,Sweet potato,Kharif,1,214.9,0.6,24.8,71.6,15.6,71.2,40.7,6.04,6.22736
Mayurbhanj,Sugarcane,Whole Year,1,491.3,2.6,28,73.3,29.9,84.2,51,6.63,34.98302
Mayurbhanj,Small millets,Kharif,1,101.6,0.4,25.5,52.7,14.5,58.1,27.5,5.87,1.41754
Mayurbhanj,Jute,Kharif,1,197.9,0.8,29,78.5,19.4,69.8,38.5,6.49,3.03429
Mayurbhanj,Other Kharif pulses,Kharif,1,97.9,0.6,27.7,65.8,13.6,64.7,29.1,6.58,1.39919
Mayurbhanj,Potato,Rabi,1,557.4,2.1,18.6,72.7,25.5,93.4,50.7,6.69,5.91815
Mayurbhanj,Linseed,Rabi,1,91.7,0.4,17.2,56.9,12.9,59,25.8,6.45,1.4582
Mayurbhanj,Sannhamp,Kharif,1,29.9,0.1,28.1,71.9,8.6,45.2,17.3,6.39,1.54009
Mayurbhanj,Safflower,Rabi,1,90.1,0.4,20.9,55.8,13.1,58.1,26.8,7.05,1.52907
Mayurbhanj,Ginger,Whole Year,1,300.4,1,24.6,76,20.1,78.8,40.1,5.84,2.90002
Mayurbhanj,Garlic,Rabi,1,297.6,1,17.3,69.9,21.7,77.8,41.7,6.46,2.11965
Mayurbhanj,Cowpea(Lobia),Kharif,1,83.3,0.6,26.9,64.6,12.2,58.6,30.2,6.47,1.47133
Mayurbhanj,Masoor,Rabi,1,90.3,0.5,17.2,54.4,12.1,70,26.1,6.88,1.54568
Mayurbhanj,Peas & beans (Pulses),Rabi,1,99.9,0.6,18.1,56.6,13.8,69.2,28.2,6.95,1.55228
Mayurbhanj,Bajra,Kharif,1,122.7,0.6,28.8,52.8,14.9,57.4,29.4,6.61,1.71112
Mayurbhanj,Sunflower,Kharif,1,177.8,0.8,28.7,54.6,15.1,63.6,32.8,6.4,1.7447
Mayurbhanj,Mesta,Kharif,1,156.4,0.6,29,73.5,14.9,65.6,33.1,6.58,2.03411
Mayurbhanj,Tobacco,Rabi,1,406.6,1.9,27.3,70.6,28.4,83.8,45.6,5.82,1.83304
Nabarangpur,Rice,Kharif,1,248.6,2,25.9,76.4,24.9,69.9,35.9,6.09,2.01802
Nabarangpur,Moong(Green Gram),Kharif,1,74.6,0.6,27.5,63.5,12,58.4,30.2,6.43,0.82417
Nabarangpur,Ragi,Kharif,1,105,0.5,23.3,59.8,14.1,54.2,26.9,6.18,1.23117
Nabarangpur,Rapeseed &Mustard,Rabi,1,136.8,0.8,18.1,62.2,16.1,72.7,28.7,6.61,1.40418
Nabarangpur,Horse-gram,Kharif,1,75.2,0.4,27.7,62.3,12.5,52,26.7,6.23,1.04407
Nabarangpur,Groundnut,Kharif,1,150.2,1.2,31.3,67,14.5,76.1,38.6,6.7,1.57086
Nabarangpur,Arhar/Tur,Kharif,1,108.2,0.7,28.1,63.4,13.1,64.4,31.3,6.69,1.34729
Nabarangpur,Gram,Rabi,1,121.6,0.6,19.1,54.6,14,77.2,25.8,7.04,1.5829
Nabarangpur,Maize,Kharif,1,278.2,1.5,26.8,66.3,27.8,75.8,37.9,6.65,1.85313
Nabarangpur,Sesamum,Kharif,1,91.2,0.5,30.8,54.5,14.2,58.4,28.7,6.39,1.14836
Nabarangpur,Turmeric,Whole Year,1,256.8,1,26.5,75.2,18.3,74,41.4,6.02,2.12008
Nabarangpur,Dry chillies,Kharif,1,183.5,1.7,27,62.3,21,70.9,36,6.26,1.62524
Nabarangpur,Niger seed,Kharif,1,90.3,0.5,27.6,55.6,13.8,60.2,28.2,6.52,1.11527
Nabarangpur,Urad,Kharif,1,85.6,0.6,26.8,61.9,12.2,59.2,29.4,6.37,0.7757
Nabarangpur,Coriander,Rabi,1,72,0.3,20.6,52.8,11.7,58.4,23.9,6.65,1.19516
Nabarangpur,Onion,Rabi,1,417.6,1.9,19.5,65.5,23.8,85.6,41.2,6.39,6.33447
Nabarangpur,Cotton(lint),Kharif,1,234.8,2.4,26.1,63,20,70.5,35.5,6.59,2.29402
Nabarangpur,Jowar,Kharif,1,147.8,0.8,27.7,60.6,16.7,72.6,30.4,6.66,1.60308
Nabarangpur,Wheat,Rabi,1,233.3,1.2,18.6,60.6,23.9,77.4,33.2,7.11,1.94137
Nabarangpur,Other  Rabi pulses,Rabi,1,97.8,0.6,17.4,55.7,13.6,69.9,28.3,6.34,1.42258
Nabarangpur,Castor seed,Kharif,1,152.1,0.8,27.9,60.4,16,60.7,33,6.36,1.65928
Nabarangpur,Sweet potato,Kharif,1,219.6,0.6,26.8,67.2,14.9,68.5,40.4,5.86,6.0399
Nabarangpur,Sugarcane,Whole Year,1,482.9,2.4,28.4,72.9,29.8,82.6,52.6,6.63,34.84197
Nabarangpur,Small millets,Kharif,1,96.2,0.4,27.2,54.2,14.6,59.5,27.9,6.17,1.40736
Nabarangpur,Jute,Kharif,1,201,0.8,28.3,76.3,18.6,71.4,37,6.63,3.0126
Nabarangpur,Other Kharif pulses,Kharif,1,94.3,0.6,29.2,67,13.6,65.2,29,6.67,1.48247
Nabarangpur,Potato,Rabi,1,541.1,2,18.4,72,24.5,95.5,51,6.68,5.94032
Nabarangpur,Linseed,Rabi,1,89.6,0.4,17.8,54,12.9,59.2,26.3,6.62,1.50011
Nabarangpur,Sannhamp,Kharif,1,30.3,0.1,27.8,70,8.4,47,18.5,6.45,1.52433
Nabarangpur,Safflower,Rabi,1,90.2,0.4,20.5,56.1,12,59.8,26.9,6.81,1.56579
Nabarangpur,Ginger,Whole Year,1,308.5,1,24.6,82.8,21.6,77.2,39.8,5.86,2.90716
Nabarangpur,Garlic,Rabi,1,312,1,18.6,66.9,20.7,78.3,41.5,6.45,2.16745
Nabarangpur,Cowpea(Lobia),Kharif,1,84.8,0.6,28.5,62.2,12.3,59.9,29.9,6.45,1.55989
Nabarangpur,Masoor,Rabi,1,87.4,0.5,17.4,53.3,12,71.4,26.8,6.92,1.58164
Nabarangpur,Peas & beans (Pulses),Rabi,1,99.8,0.6,17.6,53.1,13.1,72.5,28,6.8,1.5899
Nabarangpur,Bajra,Kharif,1,119.3,0.6,30.2,56.8,15,59.9,28.7,6.47,1.65846
Nabarangpur,Sunflower,Kharif,1,180,0.8,27,53.4,15,65.9,31.8,6.6,1.60324
Nabarangpur,Mesta,Kharif,1,163.7,0.6,27.5,71,16.2,65.9,31.2,6.56,2.01917
Nabarangpur,Tobacco,Rabi,1,385.2,2,26.9,66.7,27.9,83.3,45.4,6.04,1.80837
Nayagarh,Rice,Kharif,1,242.9,2,25.7,78.2,26.6,70.8,34.2,6.32,2.00738
Nayagarh,Moong(Green Gram),Kharif,1,74.6,0.6,27.6,63.6,12.4,58.6,29.4,6.59,0.75551
Nayagarh,Ragi,Kharif,1,111.8,0.5,24.6,57.6,14.7,53.1,26,5.95,1.24289
Nayagarh,Rapeseed &Mustard,Rabi,1,141.1,0.8,17.9,62.3,16,70.8,29.9,6.62,1.35499
Nayagarh,Horse-gram,Kharif,1,75.3,0.4,28,61.4,12.2,53.4,25.7,6.31,1.08988
Nayagarh,Groundnut,Kharif,1,150.8,1.2,31.2,71.9,15.1,74.9,38.1,6.33,1.57264
Nayagarh,Arhar/Tur,Kharif,1,109.5,0.7,27,67.4,13.4,63.4,31.8,6.33,1.23587
Nayagarh,Gram,Rabi,1,119,0.6,19.6,54.2,14,78.6,27.2,6.9,1.52505
Nayagarh,Maize,Kharif,1,280.4,1.5,25.1,62.6,27.7,75.3,37.7,6.46,1.95883
Nayagarh,Sesamum,Kharif,1,91.3,0.5,31,57.5,13.4,59.9,28.9,6.41,1.13763
Nayagarh,Turmeric,Whole Year,1,255.9,1,26.6,73.1,18,75.2,41.2,5.92,1.96487
Nayagarh,Dry chillies,Kharif,1,184.2,1.8,27.9,57.6,21.7,69,36.1,6.19,1.71789
Nayagarh,Niger seed,Kharif,1,90.8,0.5,28.8,53.3,14.2,60.7,27.1,6.49,1.13313
Nayagarh,Urad,Kharif,1,84.7,0.6,27,59.8,12.5,58.3,30.1,6.54,0.77339
Nayagarh,Coriander,Rabi,1,70.8,0.3,19.9,52.5,11.3,59.3,23.8,6.41,1.17039
Nayagarh,Onion,Rabi,1,402.6,2,19.6,66.4,22.2,84.3,40.5,6.4,6.31958
Nayagarh,Cotton(lint),Kharif,1,234.5,2.5,27.7,62.8,21.1,70.3,35.5,6.58,2.30591
Nayagarh,Jowar,Kharif,1,147.8,0.8,27.7,57.1,16.7,71.7,28.8,6.57,1.57825
Nayagarh,Wheat,Rabi,1,232.7,1.3,18.4,61.4,23.8,79.1,31.8,6.86,1.9138
Nayagarh,Other  Rabi pulses,Rabi,1,101,0.6,18,52.3,12.9,70,27.4,6.48,1.40045
Nayagarh,Castor seed,Kharif,1,149.9,0.8,27.8,60.3,15.4,60.2,33.2,6.68,1.59116
Nayagarh,Sweet potato,Kharif,1,217.3,0.6,24.7,72.8,16.3,68.2,41.7,6.06,6.29683
Nayagarh,Sugarcane,Whole Year,1,475.4,2.5,28.1,77,32.3,84.9,50.7,6.37,34.46252
Nayagarh,Small millets,Kharif,1,100.1,0.4,26.5,54.7,14.6,58.2,27.9,6.14,1.36488
Nayagarh,Jute,Kharif,1,202,0.8,28.3,74.3,17.9,72.7,38.9,6.34,3.0619
Nayagarh,Other Kharif pulses,Kharif,1,93.7,0.6,27.8,63.2,13,66.5,30.2,6.49,1.45888
Nayagarh,Potato,Rabi,1,559.2,2,18.6,71.4,25.1,96.4,51.4,6.39,5.95204
Nayagarh,Linseed,Rabi,1,89.8,0.4,18.5,54.5,13.1,57.7,25.8,6.31,1.43816
Nayagarh,Sannhamp,Kharif,1,29.9,0.1,28.3,68.8,8,46.8,17.4,6.69,1.5752
Nayagarh,Safflower,Rabi,1,90.5,0.4,20.2,53,12.6,58.9,27.3,7.16,1.53657
Nayagarh,Ginger,Whole Year,1,295,1,25,81.1,20.3,77.7,40.6,5.9,2.89981
Nayagarh,Garlic,Rabi,1,299.7,1,17.9,70.9,21.5,79,41.9,6.67,2.14835
Nayagarh,Cowpea(Lobia),Kharif,1,84.2,0.6,27.9,65.9,12.3,58.3,28.5,6.42,1.54794
Nayagarh,Masoor,Rabi,1,89.8,0.5,18.5,55.9,12.1,71.7,26.6,7.06,1.55408
Nayagarh,Peas & beans (Pulses),Rabi,1,98.5,0.6,17.3,53.8,13.1,69,27.9,6.74,1.55785
Nayagarh,Bajra,Kharif,1,121.4,0.6,28.7,57.5,14.4,59.2,30.4,6.43,1.67573
Nayagarh,Sunflower,Kharif,1,181,0.8,27.1,55.4,15.2,64,31.8,6.7,1.57489
Nayagarh,Mesta,Kharif,1,160.7,0.6,28.7,73,15,63.4,32.8,6.5,2.02856
Nayagarh,Tobacco,Rabi,1,391.1,1.9,25.6,68,28,84.8,45.3,5.99,1.86018
Nuapada,Rice,Kharif,1,245.8,2,27.7,80,26.9,69.7,34.2,6.07,2.00838
Nuapada,Moong(Green Gram),Kharif,1,76.1,0.6,28.2,66.7,12.2,58.6,29.4,6.5,0.81676
Nuapada,Ragi,Kharif,1,112.4,0.5,24.3,60.6,14.8,52.7,27.3,6.05,1.19126
Nuapada,Rapeseed &Mustard,Rabi,1,134.2,0.8,18.2,58.8,15.9,70,29.3,6.44,1.37491
Nuapada,Horse-gram,Kharif,1,72.6,0.4,27.6,57.4,12.8,52.7,26.4,6.05,1.03044
Nuapada,Groundnut,Kharif,1,145.6,1.2,30.9,72.8,15,74.3,36.8,6.51,1.57544
Nuapada,Arhar/Tur,Kharif,1,108.3,0.7,29,62.2,14,66.7,30.1,6.43,1.33049
Nuapada,Gram,Rabi,1,118.6,0.6,21,54.6,14,78.1,26.7,6.95,1.53538
Nuapada,Maize,Kharif,1,280.8,1.6,27.3,67.7,27.5,75.8,37.5,6.66,1.86436
Nuapada,Sesamum,Kharif,1,90.3,0.5,28.8,56.7,14,57.5,28.5,6.46,1.12982
Nuapada,Turmeric,Whole Year,1,250.8,1,26.5,74.7,19.5,75.4,40,5.95,2.1052
Nuapada,Dry chillies,Kharif,1,185.8,1.7,26.9,58.9,21.7,71.9,34.9,6.08,1.62371
Nuapada,Niger seed,Kharif,1,92,0.5,29.2,57,12.9,59,27.3,6.68,1.12598
Nuapada,Urad,Kharif,1,83.7,0.6,27.4,58,12.6,60.2,29.2,6.64,0.81375
Nuapada,Coriander,Rabi,1,72.6,0.3,19.9,52.9,10.9,59.7,24.2,6.69,1.18705
Nuapada,Onion,Rabi,1,404.5,2,19.6,62.3,22.3,83,40.5,6.59,6.25692
Nuapada,Cotton(lint),Kharif,1,228.8,2.4,25.7,63.2,21.6,68.3,35.6,6.38,2.2584
Nuapada,Jowar,Kharif,1,152.1,0.8,27.5,59.7,16.2,69.5,29.2,6.39,1.61522
Nuapada,Wheat,Rabi,1,233.1,1.2,18.5,58.1,23,77.2,31.8,7.15,1.91425
Nuapada,Other  Rabi pulses,Rabi,1,100.1,0.6,17.5,57.2,13.1,69.1,28.7,6.48,1.40262
Nuapada,Castor seed,Kharif,1,147.4,0.8,27,60,15.7,59.5,33.1,6.34,1.54712
Nuapada,Sweet potato,Kharif,1,220.9,0.6,25.7,70.7,16.1,72.7,42.1,6.07,6.20734
Nuapada,Sugarcane,Whole Year,1,481,2.4,26.7,73.2,30.8,84.3,51.7,6.55,35.31758
Nuapada,Small millets,Kharif,1,99.4,0.4,27,53.7,15.2,59.1,27.7,5.92,1.40762
Nuapada,Jute,Kharif,1,198.5,0.8,28.6,74.8,18.1,69.7,37.4,6.43,3.08302
Nuapada,Other Kharif pulses,Kharif,1,93.8,0.6,26.6,64.8,14.1,65.9,28.5,6.33,1.39346
Nuapada,Potato,Rabi,1,559.8,2.1,18.1,69.9,26.2,95.6,52.5,6.53,5.88798
Nuapada,Linseed,Rabi,1,92.6,0.4,17.4,52.8,13.1,60.7,25.8,6.59,1.47265
Nuapada,Sannhamp,Kharif,1,30.3,0.1,26.6,69,8.5,44.3,18.8,6.64,1.49845
Nuapada,Safflower,Rabi,1,90.3,0.4,20.5,52.4,13,57.6,27.4,6.86,1.52894
Nuapada,Ginger,Whole Year,1,301.4,1,24.6,82,20.2,79.4,42.1,6.19,2.91194
Nuapada,Garlic,Rabi,1,310.4,1,18.8,70.2,20.5,79.4,42.3,6.46,2.14265
Nuapada,Cowpea(Lobia),Kharif,1,85.7,0.6,28.1,64,12.1,59.4,30,6.69,1.56847
Nuapada,Masoor,Rabi,1,91.1,0.5,18.3,54.8,12.8,72.4,25.6,7.07,1.54602
Nuapada,Peas & beans (Pulses),Rabi,1,99.5,0.6,17.2,53.8,13.8,72.5,28.1,6.77,1.55412
Nuapada,Bajra,Kharif,1,118.3,0.6,29.3,57,14.7,58.1,30.4,6.33,1.68152
Nuapada,Sunflower,Kharif,1,178.2,0.8,26.8,53.5,16.2,64.8,31.9,6.55,1.58056
Nuapada,Mesta,Kharif,1,159,0.6,27.4,68.7,15.6,63.2,31.7,6.53,1.93231
Nuapada,Tobacco,Rabi,1,394.7,2,25.5,67.1,26.3,84.2,45.1,5.95,1.9425
Puri,Rice,Kharif,1,243.2,2,26.5,83.5,27.1,69.1,34.3,6.17,1.99651
Puri,Moong(Green Gram),Kharif,1,73.5,0.6,27.8,66.7,12.8,60.6,30.1,6.5,0.8154
Puri,Ragi,Kharif,1,108.4,0.5,24.6,59.4,14.3,52,26.6,6.15,1.18152
Puri,Rapeseed &Mustard,Rabi,1,136.2,0.8,18.3,59,17.4,71.7,30.1,6.43,1.36416
Puri,Horse-gram,Kharif,1,74.9,0.4,26.7,58.2,12.9,54.8,26.2,6.09,1.03968
Puri,Groundnut,Kharif,1,151.4,1.2,31.5,66.5,15.2,75.3,37.1,6.3,1.58619
Puri,Arhar/Tur,Kharif,1,107.2,0.7,27.9,67.2,13.3,63.3,30.1,6.46,1.31972
Puri,Gram,Rabi,1,124.3,0.6,20.6,56,14.1,79.3,27.3,7.05,1.60452
Puri,Maize,Kharif,1,277.8,1.5,26.6,65.3,27.5,74.4,39.6,6.68,1.84609
Puri,Sesamum,Kharif,1,90.2,0.5,28.8,54.5,13.8,60.6,30,6.53,1.12131
Puri,Turmeric,Whole Year,1,245.6,1,26.3,71.6,18.2,75.8,40.1,6.09,1.93683
Puri,Dry chillies,Kharif,1,189.7,1.9,28,59.1,20.4,71.4,34.3,6.26,1.7303
Puri,Niger seed,Kharif,1,89.8,0.5,28.8,53.8,13.9,60.6,28.8,6.67,1.12866
Puri,Urad,Kharif,1,84.9,0.6,28.2,62.6,12.4,60.8,30.4,6.43,0.80447
Puri,Coriander,Rabi,1,70.6,0.3,19.1,56.9,10.9,59.4,25.7,6.67,1.19509
Puri,Onion,Rabi,1,418.9,2.1,20.5,63.3,24,83.1,41.4,6.6,6.27465
Puri,Cotton(lint),Kharif,1,227.9,2.4,27.9,62.2,21.7,68.9,35.9,6.67,2.39506
Puri,Jowar,Kharif,1,149,0.8,28.2,58.2,16.2,72.6,28.7,6.38,1.69062
Puri,Wheat,Rabi,1,229.3,1.2,18.1,60.8,23.8,77.2,32.8,7.16,1.90323
Puri,Other  Rabi pulses,Rabi,1,99.3,0.6,17.4,56.3,13.7,72.2,27.8,6.63,1.41083
Puri,Castor seed,Kharif,1,149.4,0.8,28.2,57.8,15.3,58.2,31.3,6.33,1.67648
Puri,Sweet potato,Kharif,1,216.2,0.6,25.3,70.7,15.2,68.6,39.6,6.17,6.15482
Puri,Sugarcane,Whole Year,1,468,2.6,29.3,71.8,30.9,84.9,53,6.5,34.70013
Puri,Small millets,Kharif,1,98.9,0.4,25.9,57.3,15.1,59.1,27.7,5.9,1.33803
Puri,Jute,Kharif,1,196.9,0.8,28.7,78.2,18.8,68.6,38.2,6.33,3.02641
Puri,Other Kharif pulses,Kharif,1,98.3,0.6,26.7,68.1,14,65.3,29.8,6.33,1.37824
Puri,Potato,Rabi,1,550.6,1.9,17.2,70.1,24.2,93.5,52.7,6.64,5.88422
Puri,Linseed,Rabi,1,88.7,0.4,18.6,55.2,12.2,58.5,27.3,6.52,1.43305
Puri,Sannhamp,Kharif,1,30.1,0.1,27.8,67.5,8,43.9,18,6.45,1.58731
Puri,Safflower,Rabi,1,87.6,0.4,20.2,53.5,12.8,59.2,27.2,7.03,1.51944
Puri,Ginger,Whole Year,1,305.6,1,23.9,77,20,78.7,41.5,6.06,2.89723
Puri,Garlic,Rabi,1,297,1,17.3,67,20.8,77.1,42.6,6.59,2.13017
Puri,Cowpea(Lobia),Kharif,1,85,0.6,29.2,66.8,12.1,60.5,28.7,6.41,1.55677
Puri,Masoor,Rabi,1,89.4,0.5,18.4,55.7,12,69.1,25.9,7.19,1.53694
Puri,Peas & beans (Pulses),Rabi,1,99.3,0.6,18.6,53,13.8,71.5,28.4,6.78,1.54237
Puri,Bajra,Kharif,1,116.2,0.6,29.7,56.8,14.2,58.3,28.9,6.5,1.6165
Puri,Sunflower,Kharif,1,178.1,0.8,27.1,54.6,14.9,65.1,33.1,6.44,1.59043
Puri,Mesta,Kharif,1,160,0.6,29.1,72.2,15.1,64.2,32.2,6.63,2.01569
Puri,Tobacco,Rabi,1,402,2,24.8,67.3,26.5,84.7,47.4,6.14,1.90306
Rayagada,Rice,Kharif,1,246.3,2,27.1,77.3,25.3,68.3,34.4,6.05,1.97866
Rayagada,Moong(Green Gram),Kharif,1,76,0.6,27.3,65.3,12.2,57.6,30.1,6.44,0.77726
Rayagada,Ragi,Kharif,1,112.5,0.5,23.1,60.4,14.3,53.1,26.5,5.99,1.22438
Rayagada,Rapeseed &Mustard,Rabi,1,141.4,0.8,18.6,58.3,16.9,68.6,29.5,6.54,1.36348
Rayagada,Horse-gram,Kharif,1,72.6,0.4,27.4,62.2,12.1,54.5,26.2,6.25,1.04973
Rayagada,Groundnut,Kharif,1,143.5,1.2,31.1,70.6,14.5,74.9,38.1,6.59,1.56868
Rayagada,Arhar/Tur,Kharif,1,109,0.7,27.6,66.4,13.2,63.9,29.9,6.48,1.24442
Rayagada,Gram,Rabi,1,117.9,0.6,20.6,54.5,13.9,78.9,25.7,6.93,1.52723
Rayagada,Maize,Kharif,1,283,1.5,25.9,68.1,26.7,75.7,39.6,6.67,1.82362
Rayagada,Sesamum,Kharif,1,90.1,0.5,30,56.5,13.7,59.3,30.1,6.39,1.12274
Rayagada,Turmeric,Whole Year,1,253.3,1,27.3,71.8,19.3,75.3,41.3,6,1.94592
Rayagada,Dry chillies,Kharif,1,190.3,1.8,29,60.2,21.6,70.3,36.3,6.18,1.72879
Rayagada,Niger seed,Kharif,1,89.7,0.5,27.3,56.5,13.5,57.6,28.7,6.35,1.13817
Rayagada,Urad,Kharif,1,86.2,0.6,27.6,60,12.8,59.1,30.2,6.48,0.80391
Rayagada,Coriander,Rabi,1,70.7,0.3,20.1,56.5,11.8,59.7,25.2,6.4,1.1679
Rayagada,Onion,Rabi,1,398.4,2,21,65.5,22,84.9,40.1,6.65,6.2745
Rayagada,Cotton(lint),Kharif,1,221.4,2.5,28.2,66.6,21.8,72.6,36.1,6.58,2.39371
Rayagada,Jowar,Kharif,1,153.4,0.8,29.1,59.1,16,70.1,30.4,6.35,1.70481
Rayagada,Wheat,Rabi,1,237.7,1.2,18.9,57.3,22.8,79.8,32.6,6.96,1.89151
Rayagada,Other  Rabi pulses,Rabi,1,100.5,0.6,17.3,53.3,14,69.3,28.7,6.33,1.37976
Rayagada,Castor seed,Kharif,1,151.9,0.8,27.7,59.6,16.3,57.6,32.1,6.34,1.56718
Rayagada,Sweet potato,Kharif,1,219,0.6,26.2,72.4,15.5,69.7,40.5,5.87,6.33571
Rayagada,Sugarcane,Whole Year,1,480.1,2.6,27.2,75.1,31.1,85.3,52.6,6.41,34.68505
Rayagada,Small millets,Kharif,1,97.6,0.4,25.5,57.3,14.8,59.2,27.8,6.07,1.35584
Rayagada,Jute,Kharif,1,198.6,0.8,26.7,78,18.6,68.9,38.5,6.3,3.04702
Rayagada,Other Kharif pulses,Kharif,1,93.4,0.6,28.2,66.5,13.9,66.5,30.3,6.34,1.47937
Rayagada,Potato,Rabi,1,556.4,2,17.6,72.6,25.2,93.6,51.2,6.44,5.95296
Rayagada,Linseed,Rabi,1,90.3,0.4,18,53.8,12.5,58.5,26.3,6.58,1.45338
Rayagada,Sannhamp,Kharif,1,30.1,0.1,28.8,68.7,8.2,45.5,18.4,6.31,1.56967
Rayagada,Safflower,Rabi,1,87.8,0.4,20.9,56,11.9,58.3,25.8,7.09,1.5174
Rayagada,Ginger,Whole Year,1,300.1,1,25.9,82,21.1,79,39.7,5.88,2.74901
Rayagada,Garlic,Rabi,1,292.8,1,18.2,71,21.6,78,40.3,6.42,2.15551
Rayagada,Cowpea(Lobia),Kharif,1,83.7,0.6,27.7,64.1,12.8,60.6,30.2,6.65,1.49166
Rayagada,Masoor,Rabi,1,90.9,0.5,18.3,52.9,11.9,71.9,26.1,7.08,1.53613
Rayagada,Peas & beans (Pulses),Rabi,1,101.7,0.6,18,54.5,13.2,70.5,28.3,6.96,1.53486
Rayagada,Bajra,Kharif,1,121.2,0.6,29.5,54.4,14,60.3,28.7,6.41,1.68105
Rayagada,Sunflower,Kharif,1,183.3,0.8,27.7,55.4,16.4,64.5,33.1,6.68,1.63567
Rayagada,Mesta,Kharif,1,160.6,0.6,28.6,72.1,15.3,64.4,32.7,6.61,2.00449
Rayagada,Tobacco,Rabi,1,402.3,2,25.2,67.6,26.2,83.1,48.3,6.12,1.89734
Sambalpur,Rice,Kharif,1,243.5,2,28.2,76.3,26.7,71.6,36.3,6.16,2.04526
Sambalpur,Moong(Green Gram),Kharif,1,73.5,0.6,28.8,63.4,12.9,59.1,28.7,6.56,0.86739
Sambalpur,Ragi,Kharif,1,108.2,0.5,23,61.3,14.3,53.4,25.8,6.13,1.23079
Sambalpur,Rapeseed &Mustard,Rabi,1,140.1,0.8,17.4,60.6,17.2,72.2,28.4,6.31,1.39565
Sambalpur,Horse-gram,Kharif,1,73.1,0.4,27.9,58.7,12.1,54.3,27.1,6.19,1.10675
Sambalpur,Groundnut,Kharif,1,149.9,1.1,30,69.3,14.2,75.5,39.5,6.39,1.61399
Sambalpur,Arhar/Tur,Kharif,1,109.9,0.7,28.2,65.9,13.8,63.9,31.6,6.34,1.37699
Sambalpur,Gram,Rabi,1,121.2,0.6,19.3,55.6,13.6,78.8,25.8,6.89,1.56409
Sambalpur,Maize,Kharif,1,281.7,1.5,25.1,63.8,25.8,75.2,38.5,6.58,1.96151
Sambalpur,Sesamum,Kharif,1,91.8,0.5,30.5,54,13.1,60.3,29.6,6.7,1.17344
Sambalpur,Turmeric,Whole Year,1,245.8,1,26.7,72.5,18.5,74.4,42.5,6.19,1.93611
Sambalpur,Dry chillies,Kharif,1,183.9,1.9,28,61.5,21.4,71.4,34.7,6.17,1.74092
Sambalpur,Niger seed,Kharif,1,91.2,0.5,28.3,54.3,13.4,58,28.1,6.38,1.13013
Sambalpur,Urad,Kharif,1,86,0.6,27.9,62.6,13.1,60.3,29.7,6.35,0.87185
Sambalpur,Coriander,Rabi,1,70,0.3,19.3,52.6,11.7,58.3,24.8,6.58,1.21999
Sambalpur,Onion,Rabi,1,402.7,2,19.3,64,21.8,85.1,42,6.67,6.27086
Sambalpur,Cotton(lint),Kharif,1,232.2,2.5,26.5,65.8,19.8,72.3,35.7,6.56,2.2937
Sambalpur,Jowar,Kharif,1,146.5,0.8,27.3,57.6,16.8,68.2,28.9,6.43,1.61186
Sambalpur,Wheat,Rabi,1,232.8,1.2,18.7,61,23.6,77.8,33.5,7.2,1.90842
Sambalpur,Other  Rabi pulses,Rabi,1,98.9,0.6,18.7,54,13.7,70.1,27.7,6.48,1.43442
Sambalpur,Castor seed,Kharif,1,150.5,0.8,28.2,59.3,15.4,58.3,32.3,6.51,1.65812
Sambalpur,Sweet potato,Kharif,1,225.8,0.6,27.2,72.3,15.9,71.9,40.8,6,6.33955
Sambalpur,Sugarcane,Whole Year,1,488.5,2.5,27.6,71.4,30,84.1,52.2,6.59,34.93757
Sambalpur,Small millets,Kharif,1,100.6,0.4,25.7,53.2,15.1,58.6,28.2,6.01,1.3552
Sambalpur,Jute,Kharif,1,192,0.8,27.3,78.2,19,69.5,37.1,6.49,2.94288
Sambalpur,Other Kharif pulses,Kharif,1,93.6,0.6,29.3,67.1,12.9,66.7,29.7,6.55,1.50568
Sambalpur,Potato,Rabi,1,558.9,2.1,18.6,66.8,25.9,94.4,52.3,6.59,5.8698
Sambalpur,Linseed,Rabi,1,89.8,0.4,17.2,55.8,13,58.4,25.9,6.69,1.49934
Sambalpur,Sannhamp,Kharif,1,29.3,0.1,29,68.7,8.6,47.3,18.7,6.68,1.61779
Sambalpur,Safflower,Rabi,1,91,0.4,20.3,52.6,12.9,59.4,26.8,6.83,1.56459
Sambalpur,Ginger,Whole Year,1,294.4,1,24.2,82,21.2,79,41.7,5.94,2.89404
Sambalpur,Garlic,Rabi,1,300.9,1,17.9,67.3,21.9,77.7,40.9,6.54,2.14451
Sambalpur,Cowpea(Lobia),Kharif,1,87.9,0.6,27.6,62.3,12.4,57.5,29.8,6.56,1.51897
Sambalpur,Masoor,Rabi,1,90.4,0.5,17.2,56.1,12.6,69.1,26.9,6.89,1.58253
Sambalpur,Peas & beans (Pulses),Rabi,1,99.6,0.6,18.4,53.7,13.2,70.6,28.5,6.86,1.5902
Sambalpur,Bajra,Kharif,1,121.4,0.6,31,54.4,15.2,59.7,29.4,6.44,1.69933
Sambalpur,Sunflower,Kharif,1,180.8,0.8,28,56.8,16.2,66.1,33.2,6.4,1.79399
Sambalpur,Mesta,Kharif,1,155.6,0.6,27.1,67.5,15.1,63.2,31.5,6.54,1.93681
Sambalpur,Tobacco,Rabi,1,396.2,2.1,24.7,69.4,26.4,85.2,48.1,6.17,1.92047
Sonepur,Rice,Kharif,1,235.5,1.9,27.8,79.7,25.2,71.2,34.9,6.33,2.02927
Sonepur,Moong(Green Gram),Kharif,1,73.7,0.6,27.4,68.1,12,58.6,29.9,6.5,0.78258
Sonepur,Ragi,Kharif,1,111.8,0.5,22.9,60.1,14.3,54.2,26.2,6.18,1.17662
Sonepur,Rapeseed &Mustard,Rabi,1,141.1,0.8,17.7,62.8,16.3,69.5,30.1,6.62,1.35224
Sonepur,Horse-gram,Kharif,1,72.9,0.4,29.1,58.8,12.5,54.4,26.6,6.04,1.13
Sonepur,Groundnut,Kharif,1,152.4,1.2,29.9,68.9,15.2,74,39.4,6.67,1.5579
Sonepur,Arhar/Tur,Kharif,1,112.6,0.7,26.9,62.6,13.5,66.2,30.6,6.66,1.20951
Sonepur,Gram,Rabi,1,122.2,0.6,19.1,54.9,13.3,77.2,27.1,7.04,1.56498
Sonepur,Maize,Kharif,1,282.5,1.5,26.3,66.6,26.1,74.7,38,6.38,1.85285
Sonepur,Sesamum,Kharif,1,88.4,0.5,29.8,53.8,13.6,60.5,29.3,6.68,1.11937
Sonepur,Turmeric,Whole Year,1,249.3,1,25.9,71.9,18.4,76.1,42.1,6.12,1.92507
Sonepur,Dry chillies,Kharif,1,185.6,1.8,27.9,59.9,20.8,71,34.4,6.12,1.72753
Sonepur,Niger seed,Kharif,1,90,0.5,27.9,54.3,13.7,57.4,27.5,6.45,1.12123
Sonepur,Urad,Kharif,1,87.2,0.6,28.5,57.9,12.8,58,30,6.38,0.79615
Sonepur,Coriander,Rabi,1,71.2,0.3,19.6,52.9,11.4,60,24,6.57,1.1819
Sonepur,Onion,Rabi,1,401.1,2.1,20.1,62.9,23.2,84.5,40.9,6.55,6.27487
Sonepur,Cotton(lint),Kharif,1,226.6,2.6,26.3,62.3,21.8,69.9,34.1,6.47,2.28029
Sonepur,Jowar,Kharif,1,151.1,0.8,28.9,62,16.2,69.9,28.4,6.33,1.71532
Sonepur,Wheat,Rabi,1,228.8,1.2,18.7,59.3,22.5,79.4,31.6,7.1,1.91165
Sonepur,Other  Rabi pulses,Rabi,1,99.3,0.6,18.3,57.1,13.8,71,27.5,6.38,1.39307
Sonepur,Castor seed,Kharif,1,148.1,0.8,27.3,61.8,15.9,58.5,31.5,6.47,1.55934
Sonepur,Sweet potato,Kharif,1,219.9,0.6,26.3,72.9,15.4,70.9,40.1,5.81,6.39101
Sonepur,Sugarcane,Whole Year,1,470.6,2.5,29.3,73.6,32.3,83.4,51.2,6.33,34.86995
Sonepur,Small millets,Kharif,1,100.8,0.4,26.4,54.1,14.9,59.4,27.6,5.94,1.38362
Sonepur,Jute,Kharif,1,198.3,0.8,27.2,76.5,19.5,72.7,37.8,6.64,2.99071
Sonepur,Other Kharif pulses,Kharif,1,97.1,0.6,27.2,68.2,14.1,64.2,28.8,6.57,1.36908
Sonepur,Potato,Rabi,1,534.7,2,17.9,73.5,26.1,97.3,51.5,6.5,5.9795
Sonepur,Linseed,Rabi,1,89.4,0.4,18.6,52.8,12.2,59.9,25.8,6.37,1.43505
Sonepur,Sannhamp,Kharif,1,30.2,0.1,27.7,71.8,8.5,45.9,17.6,6.45,1.53171
Sonepur,Safflower,Rabi,1,91.4,0.4,19.6,55.2,12.3,59.7,25.6,6.99,1.52676
Sonepur,Ginger,Whole Year,1,308.7,1,24.5,80.3,21.6,77.7,41.3,6.16,2.90132
Sonepur,Garlic,Rabi,1,305.2,1,18.2,70.8,19.9,79.8,41.7,6.54,2.15031
Sonepur,Cowpea(Lobia),Kharif,1,86.4,0.6,28.2,64.8,12.7,57.5,29.8,6.65,1.54957
Sonepur,Masoor,Rabi,1,91.5,0.5,17.4,54.3,12.4,69.9,26.6,7.17,1.54427
Sonepur,Peas & beans (Pulses),Rabi,1,99.9,0.6,17.9,53.6,13.5,68.9,28.3,6.99,1.5415
Sonepur,Bajra,Kharif,1,119.2,0.6,31.3,53.1,14.8,58.4,29.8,6.31,1.67105
Sonepur,Sunflower,Kharif,1,186.6,0.8,26.8,54.5,15.9,63.9,32.6,6.61,1.59201
Sonepur,Mesta,Kharif,1,158.1,0.6,28.6,68.6,15.1,66.1,31.4,6.45,2.07666
Sonepur,Tobacco,Rabi,1,406,2,25,67.5,27.7,82.8,45.6,5.84,1.90561
Sundergarh,Rice,Kharif,1,234.2,2.1,27.8,77.7,25,69.1,34.5,6.36,2.00618
Sundergarh,Moong(Green Gram),Kharif,1,73.6,0.6,27.8,66.9,12.2,59.2,28.8,6.6,0.81621
Sundergarh,Ragi,Kharif,1,106.8,0.5,23.7,58.7,14.9,52.8,25.7,5.99,1.22582
Sundergarh,Rapeseed &Mustard,Rabi,1,139.8,0.8,17.4,58.8,16.7,69.1,30.3,6.38,1.37233
Sundergarh,Horse-gram,Kharif,1,74.1,0.4,28.7,63,12.3,52,26.8,6.14,1.08349
Sundergarh,Groundnut,Kharif,1,150,1.2,31.1,69.9,15.2,76.4,38.7,6.66,1.57871
Sundergarh,Arhar/Tur,Kharif,1,109.7,0.7,27.2,63.6,13.1,63.2,30.9,6.44,1.20136
Sundergarh,Gram,Rabi,1,123.6,0.6,20.7,56.6,13.8,77.3,26,7.07,1.5939
Sundergarh,Maize,Kharif,1,275,1.4,26.1,65.2,26.4,76.8,37.6,6.32,1.84056
Sundergarh,Sesamum,Kharif,1,88.7,0.5,30.6,55.8,13.5,57.7,28.7,6.32,1.12518
Sundergarh,Turmeric,Whole Year,1,247.3,1,26.9,71.7,17.9,75.1,42.1,5.89,1.93411
Sundergarh,Dry chillies,Kharif,1,190.9,1.8,28.8,58.9,20.4,71.6,34.2,6.03,1.79369
Sundergarh,Niger seed,Kharif,1,88.3,0.5,28.2,55.4,13.9,57.5,28.6,6.61,1.12115
Sundergarh,Urad,Kharif,1,85.4,0.6,26.6,61.5,12.7,58,29.1,6.5,0.76715
Sundergarh,Coriander,Rabi,1,71,0.3,19.5,53.8,11.4,59.5,25.6,6.69,1.1819
Sundergarh,Onion,Rabi,1,415.2,2.1,19.9,62.8,22,85.2,40.1,6.67,6.27487
Sundergarh,Cotton(lint),Kharif,1,230.4,2.4,27.8,66.7,20.6,72.5,34.7,6.51,2.36546
Sundergarh,Jowar,Kharif,1,146.8,0.8,27,57.9,16.5,72,30,6.54,1.53206
Sundergarh,Wheat,Rabi,1,231,1.2,18.5,61.7,23.3,79.3,31.4,7.14,1.90182
Sundergarh,Other  Rabi pulses,Rabi,1,97.5,0.6,18.4,54.7,13.8,68.4,28.8,6.6,1.40605
Sundergarh,Castor seed,Kharif,1,149.9,0.8,29.3,61.6,15.1,58.8,32.6,6.59,1.62276
Sundergarh,Sweet potato,Kharif,1,216.2,0.6,25.5,70.4,16.1,71.2,40.1,6.14,6.14696
Sundergarh,Sugarcane,Whole Year,1,466.5,2.5,28.6,74.8,30.9,83.6,50.5,6.58,34.43174
Sundergarh,Small millets,Kharif,1,100.9,0.4,25.7,52.8,14.9,60.2,28.9,6.17,1.25514
Sundergarh,Jute,Kharif,1,197.4,0.8,28.8,74.4,18.1,72.4,37.1,6.38,3.05587
Sundergarh,Other Kharif pulses,Kharif,1,93.1,0.6,27.3,65.2,13.4,63,28.9,6.33,1.43043
Sundergarh,Potato,Rabi,1,552.9,2.1,18.7,69.6,24.5,96.4,52.3,6.48,5.92124
Sundergarh,Linseed,Rabi,1,90.6,0.4,18.4,52.4,12.8,59.3,26.6,6.49,1.43082
Sundergarh,Sannhamp,Kharif,1,29.9,0.1,26.6,69.6,8.7,46.1,17.9,6.62,1.49517
Sundergarh,Safflower,Rabi,1,90.6,0.4,20.1,57.6,12.5,59.8,25.8,7.14,1.51738
Sundergarh,Ginger,Whole Year,1,298.9,1,25.6,82.1,21.2,77.7,40.7,6.15,2.86696
Sundergarh,Garlic,Rabi,1,298.7,1,17.7,70.2,21.2,78.1,42.3,6.31,2.14078
Sundergarh,Cowpea(Lobia),Kharif,1,84.7,0.6,27.2,64.5,12.6,60.8,28.5,6.43,1.47333
Sundergarh,Masoor,Rabi,1,91.3,0.5,17.7,57.1,12.7,68.9,27.1,6.88,1.54427
Sundergarh,Peas & beans (Pulses),Rabi,1,97.4,0.6,18.5,55.2,14,72.2,27.1,6.69,1.53723
Sundergarh,Bajra,Kharif,1,117.6,0.6,31.3,53.4,14.6,58.2,30.4,6.48,1.63537
Sundergarh,Sunflower,Kharif,1,181.1,0.8,28.7,54.3,14.9,63.6,32.7,6.45,1.74279
Sundergarh,Mesta,Kharif,1,158.4,0.6,28.6,67.4,15.5,63.8,32.2,6.54,2.00947
Sundergarh,Tobacco,Rabi,1,397.6,2.1,26.8,69,27.9,83.9,48.4,5.8,1.7935
